ts_ms	env	usage_usec	throttled_usec	nr_throttled	memory_current	memory_peak	pids_current	cpu_max	memory_max
1789618774203	env_01m2pseqxw7t698xcrfrza0jhx	103493	48912	1	24637440	24637440	3	50000/100000	335544320
1789618775038	env_01m2pseqxw7t698xcrfrza0jhx	503200	442315	9	30142464	30142464	3	50000/100000	335544320
1789618775554	env_01m2pseqxw7t698xcrfrza0jhx	764192	732463	15	30928896	30928896	3	50000/100000	335544320
1789618776066	env_01m2pseqxw7t698xcrfrza0jhx	1019491	986638	20	31715328	31715328	3	50000/100000	335544320
1789618776578	env_01m2pseqxw7t698xcrfrza0jhx	1279157	1236627	25	33026048	33026048	3	50000/100000	335544320
1789618777090	env_01m2pseqxw7t698xcrfrza0jhx	1550946	1474158	30	34336768	34336768	3	50000/100000	335544320
1789618777601	env_01m2pseqxw7t698xcrfrza0jhx	1802335	1731533	35	36696064	36696064	3	50000/100000	335544320
1789618778115	env_01m2pseqxw7t698xcrfrza0jhx	2053069	1979255	40	38531072	38531072	3	50000/100000	335544320
1789618778636	env_01m2pseqxw7t698xcrfrza0jhx	2303678	2227629	45	39841792	39841792	3	50000/100000	335544320
1789618779151	env_01m2pseqxw7t698xcrfrza0jhx	2557209	2524571	51	41938944	41938944	3	50000/100000	335544320
1789618779668	env_01m2pseqxw7t698xcrfrza0jhx	2752234	2669794	54	43249664	43249664	3	50000/100000	335544320
1789618780181	env_01m2pseqxw7t698xcrfrza0jhx	2752907	2669794	54	43249664	43249664	3	50000/100000	335544320
1789618780703	env_01m2pseqxw7t698xcrfrza0jhx	2753210	2669794	54	43249664	43249664	3	50000/100000	335544320
1789618781225	env_01m2pseqxw7t698xcrfrza0jhx	2753683	2669794	54	43249664	43249664	3	50000/100000	335544320
1789618781744	env_01m2pseqxw7t698xcrfrza0jhx	2754288	2669794	54	43249664	43249664	3	50000/100000	335544320
1789618782266	env_01m2pseqxw7t698xcrfrza0jhx	2754689	2669794	54	43249664	43249664	3	50000/100000	335544320
1789618782789	env_01m2pseqxw7t698xcrfrza0jhx	2755370	2669794	54	43249664	43249664	3	50000/100000	335544320
1789618783302	env_01m2pseqxw7t698xcrfrza0jhx	2756118	2669794	54	43249664	43249664	3	50000/100000	335544320
1789618783818	env_01m2pseqxw7t698xcrfrza0jhx	2761991	2669794	54	43249664	43249664	3	50000/100000	335544320
1789618784336	env_01m2pseqxw7t698xcrfrza0jhx	2766769	2669794	54	43249664	43249664	3	50000/100000	335544320
1789618784853	env_01m2psf2c10yptk9k935tw625t	61033	50127	1	22798336	22876160	3	50000/100000	335544320
1789618785691	env_01m2psf2c10yptk9k935tw625t	493504	451477	9	29876224	29876224	3	50000/100000	335544320
1789618786203	env_01m2psf2c10yptk9k935tw625t	752638	702832	14	30662656	30662656	3	50000/100000	335544320
1789618786717	env_01m2psf2c10yptk9k935tw625t	1007239	940778	19	31449088	31449088	3	50000/100000	335544320
1789618787238	env_01m2psf2c10yptk9k935tw625t	1256981	1192560	24	32759808	32759808	3	50000/100000	335544320
1789618787752	env_01m2psf2c10yptk9k935tw625t	1509139	1486990	30	34070528	34070528	3	50000/100000	335544320
1789618788264	env_01m2psf2c10yptk9k935tw625t	1763785	1741735	35	36429824	36429824	3	50000/100000	335544320
1789618788776	env_01m2psf2c10yptk9k935tw625t	2030311	1984664	40	37478400	37478400	3	50000/100000	335544320
1789618789288	env_01m2psf2c10yptk9k935tw625t	2293644	2233517	45	39575552	39575552	3	50000/100000	335544320
1789618789799	env_01m2psf2c10yptk9k935tw625t	2556708	2480966	50	41672704	41672704	3	50000/100000	335544320
1789618790311	env_01m2psf2c10yptk9k935tw625t								
1789618791333	env_01m2psf8b8zt32f0498gvbhyyv	251584	218369	5	26738688	26759168	3	50000/100000	201326592
1789618792172	env_01m2psf8b8zt32f0498gvbhyyv	689918	613761	13	28311552	28311552	3	50000/100000	201326592
1789618792689	env_01m2psf8b8zt32f0498gvbhyyv	947917	853203	18	29097984	29097984	3	50000/100000	201326592
1789618793211	env_01m2psf8b8zt32f0498gvbhyyv	1198244	1098384	23	30408704	30408704	3	50000/100000	201326592
1789618793583	env_01m2psf8b8zt32f0498gvbhyyv	1451841	1396373	29	31719424	31719424	3	50000/100000	201326592
1789618794096	env_01m2psf8b8zt32f0498gvbhyyv	1705508	1652934	34	34078720	34078720	3	50000/100000	201326592
1789618794608	env_01m2psf8b8zt32f0498gvbhyyv	1973485	1894339	39	36438016	36438016	3	50000/100000	201326592
1789618795121	env_01m2psf8b8zt32f0498gvbhyyv	2240050	2140998	44	37748736	37748736	3	50000/100000	201326592
1789618795633	env_01m2psf8b8zt32f0498gvbhyyv	2492978	2399392	49	39845888	39845888	3	50000/100000	201326592
1789618796148	env_01m2psf8b8zt32f0498gvbhyyv	2748722	2634913	54	52690944	52690944	3	50000/100000	201326592
1789618796669	env_01m2psf8b8zt32f0498gvbhyyv	2998263	2885900	59	60030976	60030976	3	50000/100000	201326592
1789618797192	env_01m2psf8b8zt32f0498gvbhyyv	3252141	3187207	65	67895296	67895296	3	50000/100000	201326592
1789618797704	env_01m2psf8b8zt32f0498gvbhyyv	3523032	3425732	70	75235328	75235328	3	50000/100000	201326592
1789618798216	env_01m2psf8b8zt32f0498gvbhyyv	3776553	3681563	75	82051072	82051072	3	50000/100000	201326592
1789618798728	env_01m2psf8b8zt32f0498gvbhyyv	4044140	3922502	80	88604672	88604672	3	50000/100000	201326592
1789618799240	env_01m2psf8b8zt32f0498gvbhyyv	4298667	4169370	85	94633984	94633984	3	50000/100000	201326592
1789618799761	env_01m2psf8b8zt32f0498gvbhyyv	4548595	4414868	90	100925440	100925440	3	50000/100000	201326592
1789618800284	env_01m2psf8b8zt32f0498gvbhyyv	4801607	4713065	96	106954752	106954752	3	50000/100000	201326592
1789618800796	env_01m2psf8b8zt32f0498gvbhyyv	5065030	4960268	101	121896960	122159104	3	50000/100000	201326592
1789618801308	env_01m2psf8b8zt32f0498gvbhyyv	5326942	5206860	106	131858432	131858432	3	50000/100000	201326592
1789618801820	env_01m2psf8b8zt32f0498gvbhyyv	5588962	5454798	111	135790592	135790592	3	50000/100000	201326592
1789618802335	env_01m2psf8b8zt32f0498gvbhyyv	5848361	5703851	116	135790592	135790592	3	50000/100000	201326592
1789618802846	env_01m2psf8b8zt32f0498gvbhyyv	6100067	5961060	121	135790592	135790592	3	50000/100000	201326592
1789618803868	env_01m2psfmn8mfrbce5pc180pwhb	212751	149234	3	28827648	28827648	3	50000/100000	335544320
1789618804715	env_01m2psfmn8mfrbce5pc180pwhb	646946	594301	12	30662656	30662656	3	50000/100000	335544320
1789618805227	env_01m2psfmn8mfrbce5pc180pwhb	906122	844543	17	30924800	30924800	3	50000/100000	335544320
1789618805741	env_01m2psfmn8mfrbce5pc180pwhb	1162387	1087827	22	32235520	32235520	3	50000/100000	335544320
1789618806257	env_01m2psfmn8mfrbce5pc180pwhb	1411948	1344912	27	33808384	33808384	3	50000/100000	335544320
1789618806775	env_01m2psfmn8mfrbce5pc180pwhb	1662421	1585706	32	35905536	35905536	3	50000/100000	335544320
1789618807287	env_01m2psfmn8mfrbce5pc180pwhb	1920381	1881050	38	37478400	37478400	3	50000/100000	335544320
1789618807799	env_01m2psfmn8mfrbce5pc180pwhb	2182455	2128362	43	39837696	39837696	3	50000/100000	335544320
1789618808311	env_01m2psfmn8mfrbce5pc180pwhb	2435352	2388391	48	40886272	40886272	3	50000/100000	335544320
1789618808822	env_01m2psfmn8mfrbce5pc180pwhb	2696868	2631995	53	44294144	44294144	3	50000/100000	335544320
1789618809334	env_01m2psfmn8mfrbce5pc180pwhb	2958736	2879617	58	59236352	59236352	3	50000/100000	335544320
1789618809851	env_01m2psfmn8mfrbce5pc180pwhb	3212092	3118783	63	67100672	67100672	3	50000/100000	335544320
1789618810372	env_01m2psfmn8mfrbce5pc180pwhb	3462509	3372794	68	103800832	103800832	3	50000/100000	335544320
1789618810891	env_01m2psfmn8mfrbce5pc180pwhb	3714524	3675955	74	112189440	112189440	3	50000/100000	335544320
1789618811403	env_01m2psfmn8mfrbce5pc180pwhb	3979249	3925819	79	154918912	154918912	3	50000/100000	335544320
1789618811914	env_01m2psfmn8mfrbce5pc180pwhb	4246831	4168451	84	169861120	169861120	3	50000/100000	335544320
1789618814969	env_01m2psfzs5jye0p5bvtekw21gh	51834	45393	1	23326720	23330816	3	50000/100000	335544320
1789618815808	env_01m2psfzs5jye0p5bvtekw21gh	480911	450286	9	30142464	30142464	3	50000/100000	335544320
1789618816321	env_01m2psfzs5jye0p5bvtekw21gh	748387	692216	14	30928896	30928896	3	50000/100000	335544320
1789618816834	env_01m2psfzs5jye0p5bvtekw21gh	1002753	937279	19	31715328	31715328	3	50000/100000	335544320
1789618817353	env_01m2psfzs5jye0p5bvtekw21gh	1252907	1188641	24	33026048	33026048	3	50000/100000	335544320
1789618817868	env_01m2psfzs5jye0p5bvtekw21gh	1503051	1431004	30	34598912	34598912	3	50000/100000	335544320
1789618818383	env_01m2psfzs5jye0p5bvtekw21gh	1765844	1727386	35	36696064	36696064	3	50000/100000	335544320
1789618818895	env_01m2psfzs5jye0p5bvtekw21gh	2023140	1979598	40	39055360	39055360	3	50000/100000	335544320
1789618819408	env_01m2psfzs5jye0p5bvtekw21gh	2289620	2197487	45	39841792	39841792	3	50000/100000	335544320
1789618819920	env_01m2psfzs5jye0p5bvtekw21gh	2548269	2450903	50	41938944	41938944	3	50000/100000	335544320
1789618820437	env_01m2psfzs5jye0p5bvtekw21gh	2764399	2685023	55	43773952	43773952	3	50000/100000	335544320
1789618820965	env_01m2psfzs5jye0p5bvtekw21gh	2768478	2685023	55	43773952	43773952	3	50000/100000	335544320
1789618821516	env_01m2psfzs5jye0p5bvtekw21gh	2799104	2685023	55	43773952	43773952	3	50000/100000	335544320
1789618822062	env_01m2psfzs5jye0p5bvtekw21gh	2867810	2698644	56	43773952	43773952	3	50000/100000	335544320
1789618822609	env_01m2psfzs5jye0p5bvtekw21gh	2894283	2698644	56	43773952	43773952	3	50000/100000	335544320
1789618823149	env_01m2psfzs5jye0p5bvtekw21gh	2919596	2698644	56	44036096	44036096	3	50000/100000	335544320
1789618823547	env_01m2psfzs5jye0p5bvtekw21gh	2945920	2698644	56	43970560	44036096	3	50000/100000	335544320
1789618824090	env_01m2psfzs5jye0p5bvtekw21gh	2975017	2698644	56	43970560	44036096	3	50000/100000	335544320
1789618824640	env_01m2psfzs5jye0p5bvtekw21gh	2988490	2698644	56	43970560	44036096	3	50000/100000	335544320
1789618825186	env_01m2psfzs5jye0p5bvtekw21gh	3024065	2698644	56	43970560	44036096	3	50000/100000	335544320
1789618825730	env_01m2psfzs5jye0p5bvtekw21gh	3041564	2698644	56	43970560	44036096	3	50000/100000	335544320
1789618826273	env_01m2psfzs5jye0p5bvtekw21gh	3041930	2698644	56	43970560	44036096	3	50000/100000	335544320
1789618826820	env_01m2psfzs5jye0p5bvtekw21gh	3047157	2698644	56	43970560	44036096	3	50000/100000	335544320
1789618827370	env_01m2psfzs5jye0p5bvtekw21gh	3055702	2698644	56	43970560	44036096	3	50000/100000	335544320
1789618827918	env_01m2psfzs5jye0p5bvtekw21gh	3062584	2698644	56	43999232	44036096	3	50000/100000	335544320
1789618828466	env_01m2psfzs5jye0p5bvtekw21gh	3064412	2698644	56	43999232	44036096	3	50000/100000	335544320
1789618829008	env_01m2psfzs5jye0p5bvtekw21gh	3075483	2698644	56	43999232	44036096	3	50000/100000	335544320
1789618829548	env_01m2psfzs5jye0p5bvtekw21gh	3079563	2698644	56	44261376	44261376	3	50000/100000	335544320
1789618830086	env_01m2psfzs5jye0p5bvtekw21gh	3088855	2698644	56	44261376	44261376	3	50000/100000	335544320
1789618830632	env_01m2psfzs5jye0p5bvtekw21gh	3095926	2698644	56	44261376	44261376	3	50000/100000	335544320
1789618831171	env_01m2psfzs5jye0p5bvtekw21gh	3096573	2698644	56	44261376	44261376	3	50000/100000	335544320
1789618831713	env_01m2psfzs5jye0p5bvtekw21gh	3122854	2698644	56	44261376	44261376	3	50000/100000	335544320
1789618832257	env_01m2psfzs5jye0p5bvtekw21gh	3127340	2698644	56	44261376	44261376	3	50000/100000	335544320
1789618832805	env_01m2psfzs5jye0p5bvtekw21gh	3133067	2698644	56	44261376	44261376	3	50000/100000	335544320
1789618833348	env_01m2psfzs5jye0p5bvtekw21gh	3133790	2698644	56	44261376	44261376	3	50000/100000	335544320
1789618834385	env_01m2psgjdf56qh16cq2a7272mx	247857	189150	4	29106176	29106176	3	50000/100000	335544320
1789618835226	env_01m2psgjdf56qh16cq2a7272mx	653101	588831	12	30679040	30679040	3	50000/100000	335544320
1789618835742	env_01m2psgjdf56qh16cq2a7272mx	905203	881028	18	30941184	30941184	3	50000/100000	335544320
1789618836254	env_01m2psgjdf56qh16cq2a7272mx	1159082	1137540	23	32251904	32251904	3	50000/100000	335544320
1789618836767	env_01m2psgjdf56qh16cq2a7272mx	1422594	1383426	28	33300480	33300480	3	50000/100000	335544320
1789618837279	env_01m2psgjdf56qh16cq2a7272mx	1689521	1625997	33	35921920	35921920	3	50000/100000	335544320
1789618837791	env_01m2psgjdf56qh16cq2a7272mx	1952808	1873573	38	37494784	37494784	3	50000/100000	335544320
1789618838303	env_01m2psgjdf56qh16cq2a7272mx	2203259	2097498	43	39329792	39329792	3	50000/100000	335544320
1789618838823	env_01m2psgjdf56qh16cq2a7272mx	2452685	2344618	48	40640512	40640512	3	50000/100000	335544320
1789618839335	env_01m2psgjdf56qh16cq2a7272mx	2702894	2592485	53	42999808	42999808	3	50000/100000	335544320
1789618839856	env_01m2psgjdf56qh16cq2a7272mx	2774465	2690263	55	43524096	43524096	3	50000/100000	335544320
1789618840395	env_01m2psgjdf56qh16cq2a7272mx	2803841	2690263	55	43524096	43524096	3	50000/100000	335544320
1789618840932	env_01m2psgjdf56qh16cq2a7272mx	2813658	2690263	55	43524096	43524096	3	50000/100000	335544320
1789618841471	env_01m2psgjdf56qh16cq2a7272mx	2846786	2690263	55	43524096	43524096	3	50000/100000	335544320
1789618842009	env_01m2psgjdf56qh16cq2a7272mx	2855789	2690263	55	43524096	43524096	3	50000/100000	335544320
1789618842554	env_01m2psgjdf56qh16cq2a7272mx	2861256	2690263	55	43524096	43524096	3	50000/100000	335544320
1789618843098	env_01m2psgjdf56qh16cq2a7272mx	2867552	2690263	55	43524096	43524096	3	50000/100000	335544320
1789618843646	env_01m2psgjdf56qh16cq2a7272mx	2868354	2690263	55	43524096	43524096	3	50000/100000	335544320
1789618844193	env_01m2psgjdf56qh16cq2a7272mx	2894878	2690263	55	43524096	43524096	3	50000/100000	335544320
1789618844727	env_01m2psgjdf56qh16cq2a7272mx	3030913	2740496	56	43786240	43786240	3	50000/100000	335544320
1789618845241	env_01m2psgx50mxg5zv2cm8e9fy1y	175549	100407	2	27279360	27279360	3	50000/100000	335544320
1789618846081	env_01m2psgx50mxg5zv2cm8e9fy1y	586604	546088	11	30162944	30162944	3	50000/100000	335544320
1789618846593	env_01m2psgx50mxg5zv2cm8e9fy1y	842799	798393	16	30949376	30949376	3	50000/100000	335544320
1789618847104	env_01m2psgx50mxg5zv2cm8e9fy1y	1111062	1039585	21	32260096	32260096	3	50000/100000	335544320
1789618847617	env_01m2psgx50mxg5zv2cm8e9fy1y	1362906	1297218	26	33832960	33832960	3	50000/100000	335544320
1789618848128	env_01m2psgx50mxg5zv2cm8e9fy1y	1625105	1544425	31	36454400	36454400	3	50000/100000	335544320
1789618848640	env_01m2psgx50mxg5zv2cm8e9fy1y	1876456	1780009	36	37736448	37736448	3	50000/100000	335544320
1789618848650	env_01m2psh0bhvp3xjp633qfw2psg	237286	178312	4	29204480	29204480	3	50000/100000	335544320
1789618849487	env_01m2psgx50mxg5zv2cm8e9fy1y	2293919	2201363	45	40538112	40538112	3	50000/100000	335544320
1789618849498	env_01m2psh0bhvp3xjp633qfw2psg	655617	573875	12	30777344	30777344	3	50000/100000	335544320
1789618850009	env_01m2psgx50mxg5zv2cm8e9fy1y	2564717	2452100	50	43159552	43159552	3	50000/100000	335544320
1789618850019	env_01m2psh0bhvp3xjp633qfw2psg	906126	870714	18	31039488	31039488	3	50000/100000	335544320
1789618850530	env_01m2psgx50mxg5zv2cm8e9fy1y	2669819	2550535	52	43421696	43421696	3	50000/100000	335544320
1789618850542	env_01m2psh0bhvp3xjp633qfw2psg	1179003	1118064	23	32350208	32350208	3	50000/100000	335544320
1789618851053	env_01m2psgx50mxg5zv2cm8e9fy1y	2674186	2550535	52	43421696	43421696	3	50000/100000	335544320
1789618851065	env_01m2psh0bhvp3xjp633qfw2psg	1451289	1366163	28	33923072	34185216	3	50000/100000	335544320
1789618851576	env_01m2psgx50mxg5zv2cm8e9fy1y	2678356	2550535	52	43421696	43421696	3	50000/100000	335544320
1789618851586	env_01m2psh0bhvp3xjp633qfw2psg	1706123	1614920	33	36282368	36282368	3	50000/100000	335544320
1789618852098	env_01m2psgx50mxg5zv2cm8e9fy1y	2682434	2550535	52	43421696	43421696	3	50000/100000	335544320
1789618852109	env_01m2psh0bhvp3xjp633qfw2psg	1954856	1862766	38	37855232	37855232	3	50000/100000	335544320
1789618852623	env_01m2psgx50mxg5zv2cm8e9fy1y	2686745	2550535	52	43421696	43421696	3	50000/100000	335544320
1789618852634	env_01m2psh0bhvp3xjp633qfw2psg	2219061	2136870	44	39694336	39694336	3	50000/100000	335544320
1789618853146	env_01m2psgx50mxg5zv2cm8e9fy1y	2699338	2550535	52	43421696	43421696	3	50000/100000	335544320
1789618853157	env_01m2psh0bhvp3xjp633qfw2psg	2492664	2386413	49	41529344	41529344	3	50000/100000	335544320
1789618853531	env_01m2psgx50mxg5zv2cm8e9fy1y	2703942	2550535	52	43421696	43421696	3	50000/100000	335544320
1789618853547	env_01m2psh0bhvp3xjp633qfw2psg	2691354	2583565	53	43102208	43102208	3	50000/100000	335544320
1789618854069	env_01m2psgx50mxg5zv2cm8e9fy1y	2718050	2550535	52	43421696	43421696	3	50000/100000	335544320
1789618854098	env_01m2psh0bhvp3xjp633qfw2psg	2737990	2583565	53	43364352	43364352	3	50000/100000	335544320
1789618854625	env_01m2psgx50mxg5zv2cm8e9fy1y	2740295	2550535	52	43421696	43421696	3	50000/100000	335544320
1789618854656	env_01m2psh0bhvp3xjp633qfw2psg	2758814	2583565	53	43364352	43364352	3	50000/100000	335544320
1789618855185	env_01m2psgx50mxg5zv2cm8e9fy1y	2759370	2550535	52	43421696	43421696	3	50000/100000	335544320
1789618855209	env_01m2psh0bhvp3xjp633qfw2psg	2760217	2583565	53	43364352	43364352	3	50000/100000	335544320
1789618855728	env_01m2psgx50mxg5zv2cm8e9fy1y	2768511	2550535	52	42889216	43421696	3	50000/100000	335544320
1789618856250	env_01m2psgx50mxg5zv2cm8e9fy1y	2782916	2550535	52	42889216	43421696	3	50000/100000	335544320
1789618856796	env_01m2psgx50mxg5zv2cm8e9fy1y	2800194	2550535	52	42889216	43421696	3	50000/100000	335544320
1789618857333	env_01m2psgx50mxg5zv2cm8e9fy1y	2815713	2550535	52	42889216	43421696	3	50000/100000	335544320
1789618857878	env_01m2psgx50mxg5zv2cm8e9fy1y	2832657	2550535	52	42889216	43421696	3	50000/100000	335544320
1789618858423	env_01m2psgx50mxg5zv2cm8e9fy1y	2850512	2550535	52	42889216	43421696	3	50000/100000	335544320
1789618858961	env_01m2psgx50mxg5zv2cm8e9fy1y	2866713	2550535	52	42889216	43421696	3	50000/100000	335544320
1789618859509	env_01m2psgx50mxg5zv2cm8e9fy1y	2879810	2550535	52	42889216	43421696	3	50000/100000	335544320
1789618860050	env_01m2psgx50mxg5zv2cm8e9fy1y	2898092	2550535	52	43151360	43421696	3	50000/100000	335544320
1789618860602	env_01m2psgx50mxg5zv2cm8e9fy1y	2913734	2550535	52	43151360	43421696	3	50000/100000	335544320
1789618861144	env_01m2psgx50mxg5zv2cm8e9fy1y	2932725	2550535	52	43151360	43421696	3	50000/100000	335544320
1789618861691	env_01m2psgx50mxg5zv2cm8e9fy1y	2950678	2550535	52	43151360	43421696	3	50000/100000	335544320
1789618862231	env_01m2psgx50mxg5zv2cm8e9fy1y	2964804	2550535	52	43151360	43421696	3	50000/100000	335544320
1789618862769	env_01m2psgx50mxg5zv2cm8e9fy1y	2981463	2550535	52	43151360	43421696	3	50000/100000	335544320
1789618863314	env_01m2psgx50mxg5zv2cm8e9fy1y	2998724	2550535	52	43151360	43421696	3	50000/100000	335544320
1789618863861	env_01m2psgx50mxg5zv2cm8e9fy1y	3016584	2550535	52	43151360	43421696	3	50000/100000	335544320
1789618864405	env_01m2psgx50mxg5zv2cm8e9fy1y	3033364	2550535	52	43151360	43421696	3	50000/100000	335544320
1789618864949	env_01m2psgx50mxg5zv2cm8e9fy1y	3053437	2550535	52	43151360	43421696	3	50000/100000	335544320
1789618865491	env_01m2psgx50mxg5zv2cm8e9fy1y	3068948	2550535	52	43151360	43421696	3	50000/100000	335544320
1789618866033	env_01m2psgx50mxg5zv2cm8e9fy1y	3085045	2550535	52	43151360	43421696	3	50000/100000	335544320
1789618866575	env_01m2psgx50mxg5zv2cm8e9fy1y	3102573	2550535	52	43151360	43421696	3	50000/100000	335544320
1789618867123	env_01m2psgx50mxg5zv2cm8e9fy1y	3115241	2550535	52	43151360	43421696	3	50000/100000	335544320
1789618867663	env_01m2psgx50mxg5zv2cm8e9fy1y	3131325	2550535	52	43151360	43421696	3	50000/100000	335544320
1789618868203	env_01m2psgx50mxg5zv2cm8e9fy1y	3147868	2550535	52	43151360	43421696	3	50000/100000	335544320
1789618868744	env_01m2psgx50mxg5zv2cm8e9fy1y	3163790	2550535	52	43151360	43421696	3	50000/100000	335544320
1789618869291	env_01m2psgx50mxg5zv2cm8e9fy1y	3180721	2550535	52	43151360	43421696	3	50000/100000	335544320
1789618869832	env_01m2psgx50mxg5zv2cm8e9fy1y	3196019	2550535	52	43151360	43421696	3	50000/100000	335544320
1789618870376	env_01m2psgx50mxg5zv2cm8e9fy1y	3214313	2550535	52	43151360	43421696	3	50000/100000	335544320
1789618870922	env_01m2psgx50mxg5zv2cm8e9fy1y	3232087	2550535	52	43151360	43421696	3	50000/100000	335544320
1789618871461	env_01m2psgx50mxg5zv2cm8e9fy1y	3249198	2550535	52	43151360	43421696	3	50000/100000	335544320
1789618872012	env_01m2psgx50mxg5zv2cm8e9fy1y	3266878	2550535	52	43151360	43421696	3	50000/100000	335544320
1789618872560	env_01m2psgx50mxg5zv2cm8e9fy1y	3283609	2550535	52	43151360	43421696	3	50000/100000	335544320
1789618873106	env_01m2psgx50mxg5zv2cm8e9fy1y	3300868	2550535	52	43151360	43421696	3	50000/100000	335544320
1789618873644	env_01m2psgx50mxg5zv2cm8e9fy1y	3316616	2550535	52	43151360	43421696	3	50000/100000	335544320
1789618874186	env_01m2psgx50mxg5zv2cm8e9fy1y	3331544	2550535	52	43151360	43421696	3	50000/100000	335544320
1789618874727	env_01m2psgx50mxg5zv2cm8e9fy1y	3347656	2550535	52	43151360	43421696	3	50000/100000	335544320
1789618875260	env_01m2psgx50mxg5zv2cm8e9fy1y	3417135	2550535	52	43151360	43421696	3	50000/100000	335544320
1789618877282	env_01m2pshwqd80vcz5pncd7mdkqb	20758	0	0	22282240	22282240	3	100000/100000	335544320
1789618878118	env_01m2pshwqd80vcz5pncd7mdkqb	852703	0	0	30670848	30670848	3	100000/100000	335544320
1789618878629	env_01m2pshwqd80vcz5pncd7mdkqb	1361241	0	0	33030144	33030144	3	100000/100000	335544320
1789618879141	env_01m2pshwqd80vcz5pncd7mdkqb	1871161	0	0	36700160	36700160	3	100000/100000	335544320
1789618879653	env_01m2pshwqd80vcz5pncd7mdkqb	2384400	0	0	40370176	40370176	3	100000/100000	335544320
1789618880165	env_01m2pshwqd80vcz5pncd7mdkqb	2891704	485	1	43253760	43253760	3	100000/100000	335544320
1789618880677	env_01m2pshwqd80vcz5pncd7mdkqb	3401323	485	1	43253760	43253760	3	100000/100000	335544320
1789618881189	env_01m2pshwqd80vcz5pncd7mdkqb	3910141	485	1	43204608	43253760	3	100000/100000	335544320
1789618881701	env_01m2pshwqd80vcz5pncd7mdkqb	4419691	485	1	43204608	43253760	3	100000/100000	335544320
1789618882212	env_01m2psj1bm2myjsbgg2b7ck7rz	201828	0	0	28303360	28565504	3	100000/100000	335544320
1789618883049	env_01m2psj1bm2myjsbgg2b7ck7rz	1034845	0	0	31449088	31449088	3	100000/100000	335544320
1789618883420	env_01m2psj1bm2myjsbgg2b7ck7rz	1544555	0	0	33939456	33939456	3	100000/100000	335544320
1789618883932	env_01m2psj1bm2myjsbgg2b7ck7rz	2054107	0	0	37609472	37609472	3	100000/100000	335544320
1789618884445	env_01m2psj1bm2myjsbgg2b7ck7rz	2568555	1321	1	41541632	41541632	3	100000/100000	335544320
1789618884957	env_01m2psj1bm2myjsbgg2b7ck7rz	3076129	1321	1	42852352	42852352	3	100000/100000	335544320
1789618885469	env_01m2psj1bm2myjsbgg2b7ck7rz	3585730	1321	1	42852352	42852352	3	100000/100000	335544320
1789618885981	env_01m2psj1bm2myjsbgg2b7ck7rz	4094216	1321	1	42852352	42852352	3	100000/100000	335544320
1789618886492	env_01m2psj1bm2myjsbgg2b7ck7rz	4589029	1321	1	6111232	45473792	0	100000/100000	335544320
1789618887004	env_01m2psj5x20999s04wrez23k5c	338848	0	0	29614080	29696000	3	100000/100000	335544320
1789618887840	env_01m2psj5x20999s04wrez23k5c	1170839	0	0	32497664	32497664	3	100000/100000	335544320
1789618888352	env_01m2psj5x20999s04wrez23k5c	1680415	0	0	36167680	36167680	3	100000/100000	335544320
1789618888863	env_01m2psj5x20999s04wrez23k5c	2189869	0	0	40099840	40099840	3	100000/100000	335544320
1789618889375	env_01m2psj5x20999s04wrez23k5c	2697069	1863	3	42983424	42983424	3	100000/100000	335544320
1789618889887	env_01m2psj5x20999s04wrez23k5c	3206739	1863	3	43507712	43507712	3	100000/100000	335544320
1789618890400	env_01m2psj5x20999s04wrez23k5c	3717370	1863	3	43507712	43507712	3	100000/100000	335544320
1789618890913	env_01m2psj5x20999s04wrez23k5c	4227935	1863	3	43507712	43507712	3	100000/100000	335544320
1789618891927	env_01m2psjajdyc3w9f2n4m8zzc3y	483045	0	0	30404608	30404608	3	100000/100000	335544320
1789618892762	env_01m2psjajdyc3w9f2n4m8zzc3y	1314995	0	0	33288192	33288192	3	100000/100000	335544320
1789618893274	env_01m2psjajdyc3w9f2n4m8zzc3y	1823741	0	0	36958208	36958208	3	100000/100000	335544320
1789618893786	env_01m2psjajdyc3w9f2n4m8zzc3y	2335658	811	2	40366080	40366080	3	100000/100000	335544320
1789618894298	env_01m2psjajdyc3w9f2n4m8zzc3y	2844623	2120	6	43249664	43249664	3	100000/100000	335544320
1789618894811	env_01m2psjajdyc3w9f2n4m8zzc3y	3354946	2120	6	43249664	43249664	3	100000/100000	335544320
1789618895323	env_01m2psjajdyc3w9f2n4m8zzc3y	3864220	2120	6	43249664	43249664	3	100000/100000	335544320
1789618895836	env_01m2psjajdyc3w9f2n4m8zzc3y	4374867	2120	6	43249664	43249664	3	100000/100000	335544320
1789618896348	env_01m2psjf5tgkmjgr12tc9qjmek	187580	0	0	27521024	27521024	3	100000/100000	335544320
1789618897185	env_01m2psjf5tgkmjgr12tc9qjmek	1020359	0	0	31715328	31715328	3	100000/100000	335544320
1789618897698	env_01m2psjf5tgkmjgr12tc9qjmek	1530943	0	0	34336768	34336768	3	100000/100000	335544320
1789618898210	env_01m2psjf5tgkmjgr12tc9qjmek	2040622	0	0	39055360	39055360	3	100000/100000	335544320
1789618898722	env_01m2psjf5tgkmjgr12tc9qjmek	2555967	212	1	42725376	42725376	3	100000/100000	335544320
1789618899235	env_01m2psjf5tgkmjgr12tc9qjmek	3061687	212	1	43249664	43249664	3	100000/100000	335544320
1789618899748	env_01m2psjf5tgkmjgr12tc9qjmek	3572323	212	1	43249664	43249664	3	100000/100000	335544320
1789618900261	env_01m2psjf5tgkmjgr12tc9qjmek	4082724	212	1	43249664	43249664	3	100000/100000	335544320
1789618901276	env_01m2psjkpk151fsesss7wpkjw5	269476	193038	4	26734592	26734592	3	50000/100000	201326592
1789618901609	env_01m2psjkpnjdce1tnxvvbqms1v	418538	350390	7	27000832	27000832	3	50000/100000	201326592
1789618901943	env_01m2psjkptjxjvvpxk1vxzznnb	593688	534646	11	27525120	27525120	3	50000/100000	201326592
1789618902779	env_01m2psjkpk151fsesss7wpkjw5	1025799	908773	19	28307456	28307456	3	50000/100000	201326592
1789618902788	env_01m2psjkpnjdce1tnxvvbqms1v	1019212	922956	19	28311552	28311552	3	50000/100000	201326592
1789618902797	env_01m2psjkptjxjvvpxk1vxzznnb	1037073	925619	19	28311552	28311552	3	50000/100000	201326592
1789618903308	env_01m2psjkpk151fsesss7wpkjw5	1275384	1156134	24	29093888	29093888	3	50000/100000	201326592
1789618903318	env_01m2psjkpnjdce1tnxvvbqms1v	1269026	1168546	24	29097984	29097984	3	50000/100000	201326592
1789618903327	env_01m2psjkptjxjvvpxk1vxzznnb	1286584	1172588	24	29097984	29097984	3	50000/100000	201326592
1789618903838	env_01m2psjkpk151fsesss7wpkjw5	1540993	1450369	30	29618176	29618176	3	50000/100000	201326592
1789618903848	env_01m2psjkpnjdce1tnxvvbqms1v	1542849	1460932	30	29884416	29884416	3	50000/100000	201326592
1789618903859	env_01m2psjkptjxjvvpxk1vxzznnb	1558628	1468557	30	30146560	30408704	3	50000/100000	201326592
1789618904371	env_01m2psjkpk151fsesss7wpkjw5	1822187	1697245	35	30666752	30666752	3	50000/100000	201326592
1789618904381	env_01m2psjkpnjdce1tnxvvbqms1v	1818961	1703049	35	31457280	31457280	3	50000/100000	201326592
1789618904390	env_01m2psjkptjxjvvpxk1vxzznnb	1836436	1712557	35	31457280	31457280	3	50000/100000	201326592
1789618904901	env_01m2psjkpk151fsesss7wpkjw5	2075353	1944254	40	31715328	31715328	3	50000/100000	201326592
1789618904911	env_01m2psjkpnjdce1tnxvvbqms1v	2069384	1948485	40	32505856	32505856	3	50000/100000	201326592
1789618904920	env_01m2psjkptjxjvvpxk1vxzznnb	2086371	1957309	40	33030144	33030144	3	50000/100000	201326592
1789618905431	env_01m2psjkpk151fsesss7wpkjw5	2331561	2235206	46	33812480	33812480	3	50000/100000	201326592
1789618905443	env_01m2psjkpnjdce1tnxvvbqms1v	2337634	2242096	46	34078720	34078720	3	50000/100000	201326592
1789618905453	env_01m2psjkptjxjvvpxk1vxzznnb	2352736	2254471	46	34078720	34078720	3	50000/100000	201326592
1789618905965	env_01m2psjkpk151fsesss7wpkjw5	2616289	2479456	51	34861056	34861056	3	50000/100000	201326592
1789618905978	env_01m2psjkpnjdce1tnxvvbqms1v	2619297	2487143	51	35127296	35127296	3	50000/100000	201326592
1789618905988	env_01m2psjkptjxjvvpxk1vxzznnb	2636218	2497494	51	36438016	36438016	3	50000/100000	201326592
1789618906503	env_01m2psjkpk151fsesss7wpkjw5	2874837	2731224	56	36696064	36696064	3	50000/100000	201326592
1789618906513	env_01m2psjkpnjdce1tnxvvbqms1v	2868488	2742306	56	37224448	37224448	3	50000/100000	201326592
1789618906523	env_01m2psjkptjxjvvpxk1vxzznnb	2886830	2742643	56	37224448	37224448	3	50000/100000	201326592
1789618907035	env_01m2psjkpk151fsesss7wpkjw5	3135407	3021834	62	36958208	36958208	3	50000/100000	201326592
1789618907048	env_01m2psjkpnjdce1tnxvvbqms1v	3142133	3032582	62	38010880	38010880	3	50000/100000	201326592
1789618907058	env_01m2psjkptjxjvvpxk1vxzznnb	3158016	3041652	62	38010880	38010880	3	50000/100000	201326592
1789618907570	env_01m2psjkpk151fsesss7wpkjw5	3410341	3275022	67	38006784	38006784	3	50000/100000	201326592
1789618907581	env_01m2psjkpnjdce1tnxvvbqms1v	3416028	3288437	67	38453248	38453248	3	50000/100000	201326592
1789618907591	env_01m2psjkptjxjvvpxk1vxzznnb	3436679	3285615	67	39845888	39845888	3	50000/100000	201326592
1789618908102	env_01m2psjkpk151fsesss7wpkjw5	3675017	3520302	72	39579648	39579648	3	50000/100000	201326592
1789618908112	env_01m2psjkpnjdce1tnxvvbqms1v	3670137	3534513	72	40550400	40550400	3	50000/100000	201326592
1789618908121	env_01m2psjkptjxjvvpxk1vxzznnb	3687195	3528351	72	40628224	40632320	3	50000/100000	201326592
1789618908637	env_01m2psjkpk151fsesss7wpkjw5	3928866	3812498	78	40628224	40890368	3	50000/100000	201326592
1789618908648	env_01m2psjkpnjdce1tnxvvbqms1v	3934200	3827466	78	52342784	52342784	3	50000/100000	201326592
1789618908658	env_01m2psjkptjxjvvpxk1vxzznnb	3958858	3824887	78	40628224	40632320	3	50000/100000	201326592
1789618909171	env_01m2psjkpk151fsesss7wpkjw5	4222146	4050460	83	59764736	59764736	3	50000/100000	201326592
1789618909181	env_01m2psjkpnjdce1tnxvvbqms1v	4219785	4065366	83	89042944	89042944	3	50000/100000	201326592
1789618909191	env_01m2psjkptjxjvvpxk1vxzznnb	4237471	4072323	83	40431616	40632320	3	50000/100000	201326592
1789618909707	env_01m2psjkpk151fsesss7wpkjw5	4475959	4298075	88	67629056	67629056	3	50000/100000	201326592
1789618909716	env_01m2psjkpnjdce1tnxvvbqms1v	4470185	4312471	88	105295872	105295872	3	50000/100000	201326592
1789618909725	env_01m2psjkptjxjvvpxk1vxzznnb	4486540	4319838	88	40431616	40632320	3	50000/100000	201326592
1789618910237	env_01m2psjkpk151fsesss7wpkjw5	4732878	4604247	94	74182656	74182656	3	50000/100000	201326592
1789618910252	env_01m2psjkpnjdce1tnxvvbqms1v	4737104	4620178	94	116043776	116043776	3	50000/100000	201326592
1789618910262	env_01m2psjkptjxjvvpxk1vxzznnb	4761202	4616086	94	40431616	40632320	3	50000/100000	201326592
1789618910774	env_01m2psjkpk151fsesss7wpkjw5	5024714	4842556	99	83881984	83881984	3	50000/100000	201326592
1789618910784	env_01m2psjkpnjdce1tnxvvbqms1v	5019748	4859337	99	134656000	134656000	3	50000/100000	201326592
1789618910793	env_01m2psjkptjxjvvpxk1vxzznnb	5036697	4862116	99	40431616	40632320	3	50000/100000	201326592
1789618911304	env_01m2psjkpk151fsesss7wpkjw5	5275486	5099259	104	90435584	90435584	3	50000/100000	201326592
1789618911314	env_01m2psjkpnjdce1tnxvvbqms1v	5270254	5116792	104	142782464	142782464	3	50000/100000	201326592
1789618911323	env_01m2psjkptjxjvvpxk1vxzznnb	5286856	5110385	104	40431616	40632320	3	50000/100000	201326592
1789618911843	env_01m2psjkpk151fsesss7wpkjw5	5537131	5393528	110	96202752	96202752	3	50000/100000	201326592
1789618911853	env_01m2psjkpnjdce1tnxvvbqms1v	5541302	5411541	110	150953984	150953984	3	50000/100000	201326592
1789618911864	env_01m2psjkptjxjvvpxk1vxzznnb	5562797	5404940	110	40693760	40693760	3	50000/100000	201326592
1789618912376	env_01m2psjkpk151fsesss7wpkjw5	5822222	5638697	115	105115648	105115648	3	50000/100000	201326592
1789618912386	env_01m2psjkpnjdce1tnxvvbqms1v	5578598	5453177	111	153313280	153313280	3	50000/100000	201326592
1789618912395	env_01m2psjkptjxjvvpxk1vxzznnb	5837278	5649745	115	40693760	40693760	3	50000/100000	201326592
1789618912914	env_01m2psjkpk151fsesss7wpkjw5	6075359	5883164	120	124252160	124252160	3	50000/100000	201326592
1789618912924	env_01m2psjkpnjdce1tnxvvbqms1v	5583118	5453177	111	155148288	155148288	3	50000/100000	201326592
1789618912934	env_01m2psjkptjxjvvpxk1vxzznnb	6087579	5896978	120	40693760	40693760	3	50000/100000	201326592
1789618913304	env_01m2psjkpk151fsesss7wpkjw5	6339909	6184933	126	129495040	129495040	3	50000/100000	201326592
1789618913315	env_01m2psjkpnjdce1tnxvvbqms1v	5859954	5686964	116	169111552	169304064	3	50000/100000	201326592
1789618913325	env_01m2psjkptjxjvvpxk1vxzznnb	6365458	6194491	126	40562688	40693760	3	50000/100000	201326592
1789618913838	env_01m2psjkpk151fsesss7wpkjw5	6625840	6425114	131	130805760	130805760	3	50000/100000	201326592
1789618913848	env_01m2psjkpnjdce1tnxvvbqms1v	6133921	5926758	121	169111552	169304064	3	50000/100000	201326592
1789618913856	env_01m2psjkptjxjvvpxk1vxzznnb	6637263	6438655	131	40562688	40693760	3	50000/100000	201326592
1789618914375	env_01m2psjkpk151fsesss7wpkjw5	6876139	6682297	136	131854336	131854336	3	50000/100000	201326592
1789618914386	env_01m2psjkpnjdce1tnxvvbqms1v	6387595	6224975	127	169111552	169304064	3	50000/100000	201326592
1789618914396	env_01m2psjkptjxjvvpxk1vxzznnb	6890865	6734766	137	40562688	40693760	3	50000/100000	201326592
1789618914911	env_01m2psjkpk151fsesss7wpkjw5	7153762	6964082	142	133427200	133427200	3	50000/100000	201326592
1789618914921	env_01m2psjkpnjdce1tnxvvbqms1v	6669398	6476021	132	169111552	169304064	3	50000/100000	201326592
1789618914933	env_01m2psjkptjxjvvpxk1vxzznnb	7170133	6980080	142	40562688	40693760	3	50000/100000	201326592
1789618915445	env_01m2psjkpk151fsesss7wpkjw5	7425217	7221608	147	135524352	135524352	3	50000/100000	201326592
1789618915455	env_01m2psjkpnjdce1tnxvvbqms1v	6934579	6738451	137	169111552	169304064	3	50000/100000	201326592
1789618915465	env_01m2psjkptjxjvvpxk1vxzznnb	7437570	7226350	147	40562688	40693760	3	50000/100000	201326592
1789618915977	env_01m2psjkpk151fsesss7wpkjw5	7674909	7451392	152	135380992	135524352	3	50000/100000	201326592
1789618915988	env_01m2psjkpnjdce1tnxvvbqms1v	7034190	6890104	140	169373696	169373696	3	50000/100000	201326592
1789618916000	env_01m2psjkptjxjvvpxk1vxzznnb	7691679	7522582	153	40349696	40693760	3	50000/100000	201326592
1789618916011	env_01m2psk27sw5vmafymbjzh4h1h	327589	0	0	29351936	29351936	3	100000/100000	335544320
1789618916849	env_01m2psjkpk151fsesss7wpkjw5	8125461	7883781	161	135380992	135524352	3	50000/100000	201326592
1789618916860	env_01m2psjkpnjdce1tnxvvbqms1v	7109198	6890104	140	169373696	169373696	3	50000/100000	201326592
1789618916870	env_01m2psjkptjxjvvpxk1vxzznnb	8136109	7917146	161	40349696	40693760	3	50000/100000	201326592
1789618916880	env_01m2psk27sw5vmafymbjzh4h1h	1186908	0	0	31973376	31973376	3	100000/100000	335544320
1789618917412	env_01m2psjkpk151fsesss7wpkjw5	8408582	8175433	167	135380992	135524352	3	50000/100000	201326592
1789618917445	env_01m2psjkpnjdce1tnxvvbqms1v	7409463	7171924	146	169373696	169373696	3	50000/100000	201326592
1789618917454	env_01m2psjkptjxjvvpxk1vxzznnb	8436145	8199925	167	40349696	40693760	3	50000/100000	201326592
1789618917464	env_01m2psk27sw5vmafymbjzh4h1h	1764498	0	0	33808384	33808384	3	100000/100000	335544320
1789618917976	env_01m2psjkpk151fsesss7wpkjw5	8675607	8412441	172	135323648	135524352	3	50000/100000	201326592
1789618917992	env_01m2psjkpnjdce1tnxvvbqms1v	7667882	7467555	152	169635840	169635840	3	50000/100000	201326592
1789618918029	env_01m2psjkptjxjvvpxk1vxzznnb	8712842	8487866	173	40349696	40693760	3	50000/100000	201326592
1789618918047	env_01m2psk27sw5vmafymbjzh4h1h	2340971	0	0	36691968	36691968	3	100000/100000	335544320
1789618918558	env_01m2psjkpk151fsesss7wpkjw5	8975086	8702667	178	135323648	135524352	3	50000/100000	201326592
1789618918568	env_01m2psjkpnjdce1tnxvvbqms1v	7959757	7711741	157	169635840	169635840	3	50000/100000	201326592
1789618918578	env_01m2psjkptjxjvvpxk1vxzznnb	8986691	8722134	178	40349696	40693760	3	50000/100000	201326592
1789618918590	env_01m2psk27sw5vmafymbjzh4h1h	2880556	0	0	38002688	38002688	3	100000/100000	335544320
1789618919133	env_01m2psjkpk151fsesss7wpkjw5	9273903	8990438	184	135766016	135847936	3	50000/100000	201326592
1789618919148	env_01m2psjkpnjdce1tnxvvbqms1v	8145299	7858221	160	169635840	169635840	3	50000/100000	201326592
1789618919159	env_01m2psjkptjxjvvpxk1vxzznnb	9286444	9007773	184	40349696	40693760	3	50000/100000	201326592
1789618919168	env_01m2psk27sw5vmafymbjzh4h1h	3445201	1266	1	40624128	40624128	3	100000/100000	335544320
1789618919680	env_01m2psjkpnjdce1tnxvvbqms1v	8206322	7858221	160	169168896	169635840	3	50000/100000	201326592
1789618919693	env_01m2psjkptjxjvvpxk1vxzznnb	9536723	9250756	189	40349696	40693760	3	50000/100000	201326592
1789618919709	env_01m2psk27sw5vmafymbjzh4h1h	3978641	1266	1	43302912	43302912	3	100000/100000	335544320
1789618919719	env_01m2psk5tfxjkhcjyy63a3kbbc	206944	152663	4	24367104	24367104	3	50000/100000	201326592
1789618920565	env_01m2psjkpnjdce1tnxvvbqms1v	8414173	7858221	160	169168896	169635840	3	50000/100000	201326592
1789618920575	env_01m2psjkptjxjvvpxk1vxzznnb	9986088	9690741	198	40091648	40693760	3	50000/100000	201326592
1789618920586	env_01m2psk27sw5vmafymbjzh4h1h	4845397	1266	1	43302912	43302912	3	100000/100000	335544320
1789618920595	env_01m2psk5tfxjkhcjyy63a3kbbc	648236	539757	12	27250688	27250688	3	50000/100000	201326592
1789618921107	env_01m2psjkpnjdce1tnxvvbqms1v	8655363	7938770	162	169168896	169635840	3	50000/100000	201326592
1789618921137	env_01m2psjkptjxjvvpxk1vxzznnb	10272092	9985972	204	40091648	40693760	3	50000/100000	201326592
1789618921148	env_01m2psk27sw5vmafymbjzh4h1h	5403426	1266	1	43302912	43302912	3	100000/100000	335544320
1789618921160	env_01m2psk5tfxjkhcjyy63a3kbbc	940639	833224	18	28037120	28037120	3	50000/100000	201326592
1789618921672	env_01m2psjkpnjdce1tnxvvbqms1v	8931267	8182809	167	169168896	169635840	3	50000/100000	201326592
1789618921682	env_01m2psjkptjxjvvpxk1vxzznnb	10536370	10226502	209	40091648	40693760	3	50000/100000	201326592
1789618921691	env_01m2psk27sw5vmafymbjzh4h1h	5942692	1266	1	43302912	43302912	3	100000/100000	335544320
1789618921709	env_01m2psk5tfxjkhcjyy63a3kbbc	1198788	1070461	23	28037120	28037120	3	50000/100000	201326592
1789618922244	env_01m2psjkpnjdce1tnxvvbqms1v	9230887	8478914	173	168914944	169635840	3	50000/100000	201326592
1789618922256	env_01m2psjkptjxjvvpxk1vxzznnb	10837389	10512514	215	40091648	40693760	3	50000/100000	201326592
1789618922267	env_01m2psk5tfxjkhcjyy63a3kbbc	1498462	1352103	29	28663808	28663808	3	50000/100000	201326592
1789618922277	env_01m2psk8jvp4vkcjnsg9djn6b4	93538	0	0	23060480	23060480	3	100000/100000	335544320
1789618923126	env_01m2psjkpnjdce1tnxvvbqms1v	9582335	8819988	181	169177088	169635840	3	50000/100000	201326592
1789618923136	env_01m2psjkptjxjvvpxk1vxzznnb	11277804	10945374	224	40353792	40693760	3	50000/100000	201326592
1789618923147	env_01m2psk5tfxjkhcjyy63a3kbbc	1933565	1789176	38	29974528	29974528	3	50000/100000	201326592
1789618923161	env_01m2psk8jvp4vkcjnsg9djn6b4	961886	0	0	29876224	29876224	3	100000/100000	335544320
1789618923674	env_01m2psjkpnjdce1tnxvvbqms1v	9832354	8836559	182	169177088	169635840	3	50000/100000	201326592
1789618923685	env_01m2psjkptjxjvvpxk1vxzznnb	11536895	11192908	229	40353792	40693760	3	50000/100000	201326592
1789618923699	env_01m2psk5tfxjkhcjyy63a3kbbc	2198238	2028148	43	30760960	30760960	3	50000/100000	201326592
1789618923709	env_01m2psk8jvp4vkcjnsg9djn6b4	1498888	0	0	30662656	30662656	3	100000/100000	335544320
1789618924224	env_01m2psjkpnjdce1tnxvvbqms1v	10107598	8881781	185	169177088	169635840	3	50000/100000	201326592
1789618924238	env_01m2psjkptjxjvvpxk1vxzznnb	11828656	11480780	235	40353792	40693760	3	50000/100000	201326592
1789618924257	env_01m2psk5tfxjkhcjyy63a3kbbc	2490633	2318071	49	31547392	31547392	3	50000/100000	201326592
1789618924268	env_01m2psk8jvp4vkcjnsg9djn6b4	2054201	0	0	31973376	31973376	3	100000/100000	335544320
1789618924782	env_01m2psjkpnjdce1tnxvvbqms1v	10378810	8935599	189	169177088	169635840	3	50000/100000	201326592
1789618924795	env_01m2psjkptjxjvvpxk1vxzznnb	12087823	11773728	241	40353792	40693760	3	50000/100000	201326592
1789618924805	env_01m2psk5tfxjkhcjyy63a3kbbc	2748230	2559728	54	31809536	31809536	3	50000/100000	201326592
1789618924820	env_01m2psk8jvp4vkcjnsg9djn6b4	2600782	0	0	33284096	33284096	3	100000/100000	335544320
1789618925333	env_01m2psjkpnjdce1tnxvvbqms1v	10672465	9115059	193	169439232	169635840	3	50000/100000	201326592
1789618925348	env_01m2psjkptjxjvvpxk1vxzznnb	12387053	12018559	246	40353792	40693760	3	50000/100000	201326592
1789618925359	env_01m2psk5tfxjkhcjyy63a3kbbc	3042783	2840125	60	33906688	33906688	3	50000/100000	201326592
1789618925369	env_01m2psk8jvp4vkcjnsg9djn6b4	3145510	0	0	36691968	36691968	3	100000/100000	335544320
1789618925881	env_01m2psjkpnjdce1tnxvvbqms1v	10922001	9382661	199	169439232	169635840	3	50000/100000	201326592
1789618925892	env_01m2psjkptjxjvvpxk1vxzznnb	12636862	12264943	251	40353792	40693760	3	50000/100000	201326592
1789618925908	env_01m2psk5tfxjkhcjyy63a3kbbc	3298226	3076569	65	34955264	34955264	3	50000/100000	201326592
1789618925926	env_01m2psk8jvp4vkcjnsg9djn6b4	3699225	0	0	40099840	40099840	3	100000/100000	335544320
1789618926446	env_01m2psjkpnjdce1tnxvvbqms1v	11222933	9706895	204	169439232	169635840	3	50000/100000	201326592
1789618926458	env_01m2psjkptjxjvvpxk1vxzznnb	12937377	12558402	257	40353792	40693760	3	50000/100000	201326592
1789618926469	env_01m2psk5tfxjkhcjyy63a3kbbc	3598270	3348176	71	37052416	37052416	3	50000/100000	201326592
1789618926479	env_01m2psk8jvp4vkcjnsg9djn6b4	4235808	0	0	43245568	43245568	3	100000/100000	335544320
1789618926991	env_01m2psjkpnjdce1tnxvvbqms1v	11481521	10030879	210	169439232	169635840	3	50000/100000	201326592
1789618927004	env_01m2psjkptjxjvvpxk1vxzznnb	13194875	12853908	263	40353792	40693760	3	50000/100000	201326592
1789618927015	env_01m2psk5tfxjkhcjyy63a3kbbc	3849817	3635605	77	38363136	38363136	3	50000/100000	201326592
1789618927025	env_01m2psk8jvp4vkcjnsg9djn6b4	4777871	0	0	43245568	43245568	3	100000/100000	335544320
1789618927541	env_01m2psjkpnjdce1tnxvvbqms1v	11771919	10300064	215	169439232	169635840	3	50000/100000	201326592
1789618927555	env_01m2psjkptjxjvvpxk1vxzznnb	13487370	13088776	268	40615936	40693760	3	50000/100000	201326592
1789618927565	env_01m2psk5tfxjkhcjyy63a3kbbc	4148854	3861296	82	46751744	46751744	3	50000/100000	201326592
1789618927575	env_01m2psk8jvp4vkcjnsg9djn6b4	5325152	0	0	43245568	43245568	3	100000/100000	335544320
1789618928087	env_01m2psjkpnjdce1tnxvvbqms1v	12026823	10621064	221	169701376	169701376	3	50000/100000	201326592
1789618928098	env_01m2psjkptjxjvvpxk1vxzznnb	13740704	13385440	274	40615936	40693760	3	50000/100000	201326592
1789618928109	env_01m2psk5tfxjkhcjyy63a3kbbc	4398644	4108107	87	71917568	71917568	3	50000/100000	201326592
1789618928136	env_01m2psk8jvp4vkcjnsg9djn6b4	5883634	0	0	43245568	43245568	3	100000/100000	335544320
1789618928657	env_01m2psjkpnjdce1tnxvvbqms1v	12320453	10880455	226	168972288	169701376	3	50000/100000	201326592
1789618928667	env_01m2psjkptjxjvvpxk1vxzznnb	14035731	13627118	279	40091648	40693760	3	50000/100000	201326592
1789618928677	env_01m2psk5tfxjkhcjyy63a3kbbc	4698036	4397303	93	85508096	85508096	3	50000/100000	201326592
1789618928687	env_01m2pskeqy59d378x899rj0e4p	200467	0	0	23851008	23851008	3	100000/100000	335544320
1789618929536	env_01m2psjkpnjdce1tnxvvbqms1v	12769803	11316269	235	168972288	169701376	3	50000/100000	201326592
1789618929551	env_01m2psjkptjxjvvpxk1vxzznnb	14486201	14065121	288	40091648	40693760	3	50000/100000	201326592
1789618929561	env_01m2psk5tfxjkhcjyy63a3kbbc	5145054	4826694	102	94945280	94945280	3	50000/100000	201326592
1789618929571	env_01m2pskeqy59d378x899rj0e4p	1072633	0	0	29880320	29880320	3	100000/100000	335544320
1789618930082	env_01m2psjkpnjdce1tnxvvbqms1v	13021280	11611591	241	168972288	169701376	3	50000/100000	201326592
1789618930095	env_01m2psjkptjxjvvpxk1vxzznnb	14736585	14360155	294	40091648	40693760	3	50000/100000	201326592
1789618930109	env_01m2psk5tfxjkhcjyy63a3kbbc	5397584	5071418	107	101498880	101498880	3	50000/100000	201326592
1789618930119	env_01m2pskeqy59d378x899rj0e4p	1611272	0	0	30142464	30142464	3	100000/100000	335544320
1789618930633	env_01m2psjkpnjdce1tnxvvbqms1v	13285966	11776871	245	168972288	169701376	3	50000/100000	201326592
1789618930645	env_01m2psjkptjxjvvpxk1vxzznnb	15036120	14591822	299	40091648	40693760	3	50000/100000	201326592
1789618930660	env_01m2psk5tfxjkhcjyy63a3kbbc	5696486	5355727	113	114081792	114081792	3	50000/100000	201326592
1789618930671	env_01m2pskeqy59d378x899rj0e4p	2154478	0	0	30928896	30928896	3	100000/100000	335544320
1789618931183	env_01m2psjkpnjdce1tnxvvbqms1v	13496799	11819166	248	168972288	169701376	3	50000/100000	201326592
1789618931193	env_01m2psjkptjxjvvpxk1vxzznnb	15286452	14836068	305	40091648	40693760	3	50000/100000	201326592
1789618931205	env_01m2psk5tfxjkhcjyy63a3kbbc	5947403	5598937	118	121946112	121946112	3	50000/100000	201326592
1789618931222	env_01m2pskeqy59d378x899rj0e4p	2703809	0	0	31977472	31977472	3	100000/100000	335544320
1789618931745	env_01m2psjkpnjdce1tnxvvbqms1v	13796527	12074437	253	168972288	169701376	3	50000/100000	201326592
1789618931755	env_01m2psjkptjxjvvpxk1vxzznnb	15586208	15127246	310	40091648	40693760	3	50000/100000	201326592
1789618931764	env_01m2psk5tfxjkhcjyy63a3kbbc	6247947	5891789	124	133218304	133218304	3	50000/100000	201326592
1789618931774	env_01m2pskeqy59d378x899rj0e4p	3244114	0	0	33550336	33550336	3	100000/100000	335544320
1789618932285	env_01m2psjkpnjdce1tnxvvbqms1v	14049845	12384940	259	168972288	169701376	3	50000/100000	201326592
1789618932297	env_01m2psjkptjxjvvpxk1vxzznnb	15836971	15424508	316	40091648	40693760	3	50000/100000	201326592
1789618932309	env_01m2psk5tfxjkhcjyy63a3kbbc	6497664	6131485	130	135315456	135315456	3	50000/100000	201326592
1789618932328	env_01m2pskeqy59d378x899rj0e4p	3787378	0	0	36958208	36958208	3	100000/100000	335544320
1789618932845	env_01m2psjkpnjdce1tnxvvbqms1v	14346761	12640298	264	169234432	169701376	3	50000/100000	201326592
1789618932855	env_01m2psjkptjxjvvpxk1vxzznnb	16136578	15666088	321	40353792	40693760	3	50000/100000	201326592
1789618932866	env_01m2psk5tfxjkhcjyy63a3kbbc	6797233	6411668	135	135315456	135315456	3	50000/100000	201326592
1789618932876	env_01m2pskeqy59d378x899rj0e4p	4327190	0	0	40103936	40103936	3	100000/100000	335544320
1789618933387	env_01m2psjkpnjdce1tnxvvbqms1v	14600146	12937614	270	169496576	169701376	3	50000/100000	201326592
1789618933398	env_01m2psjkptjxjvvpxk1vxzznnb	16389562	15960759	327	40353792	40693760	3	50000/100000	201326592
1789618933411	env_01m2psk5tfxjkhcjyy63a3kbbc	7049384	6691486	141	135315456	135315456	3	50000/100000	201326592
1789618933438	env_01m2pskeqy59d378x899rj0e4p	4882254	0	0	43249664	43249664	3	100000/100000	335544320
1789618933957	env_01m2psjkpnjdce1tnxvvbqms1v	14895659	13183650	275	169496576	169701376	3	50000/100000	201326592
1789618933967	env_01m2psjkptjxjvvpxk1vxzznnb	16685881	16201558	332	40353792	40693760	3	50000/100000	201326592
1789618933977	env_01m2psk5tfxjkhcjyy63a3kbbc	7348994	6934580	146	135315456	135315456	3	50000/100000	201326592
1789618933988	env_01m2pskeqy59d378x899rj0e4p	5428296	0	0	43249664	43249664	3	100000/100000	335544320
1789618934500	env_01m2psjkpnjdce1tnxvvbqms1v	15165261	13470017	281	169496576	169701376	3	50000/100000	201326592
1789618934517	env_01m2psjkptjxjvvpxk1vxzznnb	16949309	16489954	338	40353792	40693760	3	50000/100000	201326592
1789618934527	env_01m2psk5tfxjkhcjyy63a3kbbc	7607564	7222526	152	135315456	135315456	3	50000/100000	201326592
1789618934536	env_01m2pskeqy59d378x899rj0e4p	5969900	0	0	43249664	43249664	3	100000/100000	335544320
1789618935048	env_01m2psjkpnjdce1tnxvvbqms1v	15446463	13697258	286	169496576	169701376	3	50000/100000	201326592
1789618935059	env_01m2psjkptjxjvvpxk1vxzznnb	17236421	16729580	343	40353792	40693760	3	50000/100000	201326592
1789618935069	env_01m2psk5tfxjkhcjyy63a3kbbc	7898991	7456870	157	135577600	135577600	3	50000/100000	201326592
1789618935078	env_01m2pskeqy59d378x899rj0e4p	6507338	0	0	43249664	43249664	3	100000/100000	335544320
1789618935592	env_01m2psjkpnjdce1tnxvvbqms1v	15705181	13989814	292	169037824	169701376	3	50000/100000	201326592
1789618935603	env_01m2psjkptjxjvvpxk1vxzznnb	17488193	17018890	349	40091648	40693760	3	50000/100000	201326592
1789618935618	env_01m2pskeqy59d378x899rj0e4p	7039253	0	0	45277184	45277184	3	100000/100000	335544320
1789618935643	env_01m2psknmpgwzq36ma1rv6n9v4	87387	0	0	22794240	22818816	3	50000/100000	201326592
1789618936493	env_01m2psjkpnjdce1tnxvvbqms1v	16156892	14415367	301	169037824	169701376	3	50000/100000	201326592
1789618936519	env_01m2psjkptjxjvvpxk1vxzznnb	17954515	17438586	358	40091648	40693760	3	50000/100000	201326592
1789618936530	env_01m2psknmpgwzq36ma1rv6n9v4	529432	435844	9	23609344	23609344	3	50000/100000	201326592
1789618936554	env_01m2psknyryec2tj39wt7jpx0s	669711	0	0	29622272	29622272	3	100000/100000	335544320
1789618937392	env_01m2psjkpnjdce1tnxvvbqms1v	16582529	14518460	305	169037824	169701376	3	50000/100000	201326592
1789618937431	env_01m2psjkptjxjvvpxk1vxzznnb	18417630	17868812	367	40091648	40693760	3	50000/100000	201326592
1789618937448	env_01m2psknmpgwzq36ma1rv6n9v4	985632	865961	18	27017216	27017216	3	50000/100000	201326592
1789618937459	env_01m2psknyryec2tj39wt7jpx0s	1556844	0	0	30932992	30932992	3	100000/100000	335544320
1789618937971	env_01m2psjkpnjdce1tnxvvbqms1v	16871962	14763849	310	169299968	169701376	3	50000/100000	201326592
1789618937982	env_01m2psjkptjxjvvpxk1vxzznnb	18685953	18106745	372	40353792	40693760	3	50000/100000	201326592
1789618938009	env_01m2psknmpgwzq36ma1rv6n9v4	1258085	1153666	24	27279360	27279360	3	50000/100000	201326592
1789618938043	env_01m2psknyryec2tj39wt7jpx0s	2132479	0	0	31981568	31981568	3	100000/100000	335544320
1789618938555	env_01m2psjkpnjdce1tnxvvbqms1v	17172487	15049057	316	169299968	169701376	3	50000/100000	201326592
1789618938565	env_01m2psjkptjxjvvpxk1vxzznnb	18986552	18388089	378	40353792	40693760	3	50000/100000	201326592
1789618938575	env_01m2psknmpgwzq36ma1rv6n9v4	1535627	1388758	29	27541504	27541504	3	50000/100000	201326592
1789618938585	env_01m2psknyryec2tj39wt7jpx0s	2665381	0	0	34603008	34603008	3	100000/100000	335544320
1789618939099	env_01m2psjkpnjdce1tnxvvbqms1v	17438721	15343007	322	169299968	169701376	3	50000/100000	201326592
1789618939118	env_01m2psjkptjxjvvpxk1vxzznnb	19256299	18683592	384	40353792	40693760	3	50000/100000	201326592
1789618939137	env_01m2psknmpgwzq36ma1rv6n9v4	1829650	1676578	35	28327936	28327936	3	50000/100000	201326592
1789618939150	env_01m2psknyryec2tj39wt7jpx0s	3212313	0	0	39321600	39583744	3	100000/100000	335544320
1789618939662	env_01m2psjkpnjdce1tnxvvbqms1v	17722891	15589400	327	169299968	169701376	3	50000/100000	201326592
1789618939674	env_01m2psjkptjxjvvpxk1vxzznnb	19536442	18922107	389	40353792	40693760	3	50000/100000	201326592
1789618939684	env_01m2psknmpgwzq36ma1rv6n9v4	2085559	1959396	41	29114368	29114368	3	50000/100000	201326592
1789618939703	env_01m2psknyryec2tj39wt7jpx0s	3752082	0	0	42467328	42467328	3	100000/100000	335544320
1789618940240	env_01m2psjkpnjdce1tnxvvbqms1v	18021883	15887813	333	169299968	169701376	3	50000/100000	201326592
1789618940251	env_01m2psjkptjxjvvpxk1vxzznnb	19835778	19209870	395	40353792	40693760	3	50000/100000	201326592
1789618940261	env_01m2psknmpgwzq36ma1rv6n9v4	2385702	2195601	46	29900800	29900800	3	50000/100000	201326592
1789618940271	env_01m2psknyryec2tj39wt7jpx0s	4306710	0	0	43253760	43253760	3	100000/100000	335544320
1789618940783	env_01m2psjkpnjdce1tnxvvbqms1v	18273335	16175614	339	169299968	169701376	3	50000/100000	201326592
1789618940804	env_01m2psjkptjxjvvpxk1vxzznnb	20097176	19499189	401	40353792	40693760	3	50000/100000	201326592
1789618940839	env_01m2psknmpgwzq36ma1rv6n9v4	2684830	2481199	52	31735808	31735808	3	50000/100000	201326592
1789618940850	env_01m2psknyryec2tj39wt7jpx0s	4880776	0	0	43253760	43253760	3	100000/100000	335544320
1789618941361	env_01m2psjkpnjdce1tnxvvbqms1v	18572222	16425754	344	169299968	169701376	3	50000/100000	201326592
1789618941371	env_01m2psjkptjxjvvpxk1vxzznnb	20386233	19740557	406	40353792	40693760	3	50000/100000	201326592
1789618941382	env_01m2psknmpgwzq36ma1rv6n9v4	2936230	2718066	57	34095104	34095104	3	50000/100000	201326592
1789618941394	env_01m2psknyryec2tj39wt7jpx0s	5422733	0	0	43253760	43253760	3	100000/100000	335544320
1789618941927	env_01m2psjkpnjdce1tnxvvbqms1v	18871796	16726839	350	169037824	169701376	3	50000/100000	201326592
1789618941944	env_01m2psjkptjxjvvpxk1vxzznnb	20682096	20028209	412	40091648	40693760	3	50000/100000	201326592
1789618941955	env_01m2psknmpgwzq36ma1rv6n9v4	3236286	3006392	63	34799616	35143680	3	50000/100000	201326592
1789618942468	env_01m2psjkpnjdce1tnxvvbqms1v	19123202	16968464	355	169037824	169701376	3	50000/100000	201326592
1789618942479	env_01m2psjkptjxjvvpxk1vxzznnb	20936726	20271999	417	40091648	40693760	3	50000/100000	201326592
1789618942492	env_01m2psknmpgwzq36ma1rv6n9v4	3492609	3296089	69	35848192	35848192	3	50000/100000	201326592
1789618942502	env_01m2pskvws8g3a12ywwmjqdsjf	535827	0	0	28835840	28835840	3	100000/100000	335544320
1789618943364	env_01m2psjkpnjdce1tnxvvbqms1v	19560598	17182367	362	169299968	169701376	3	50000/100000	201326592
1789618943374	env_01m2psjkptjxjvvpxk1vxzznnb	21385899	20701136	426	40353792	40693760	3	50000/100000	201326592
1789618943386	env_01m2psknmpgwzq36ma1rv6n9v4	3938314	3716318	78	37158912	37158912	3	50000/100000	201326592
1789618943398	env_01m2pskvws8g3a12ywwmjqdsjf	1405262	0	0	30408704	30408704	3	100000/100000	335544320
1789618943785	env_01m2psjkpnjdce1tnxvvbqms1v	19854483	17437036	368	169299968	169701376	3	50000/100000	201326592
1789618943804	env_01m2psjkptjxjvvpxk1vxzznnb	21682604	20991271	432	40353792	40693760	3	50000/100000	201326592
1789618943814	env_01m2psknmpgwzq36ma1rv6n9v4	4236867	3955702	83	37158912	37158912	3	50000/100000	201326592
1789618943824	env_01m2pskvws8g3a12ywwmjqdsjf	1959891	0	0	30932992	30932992	3	100000/100000	335544320
1789618944336	env_01m2psjkpnjdce1tnxvvbqms1v	20111336	17681616	373	169299968	169701376	3	50000/100000	201326592
1789618944353	env_01m2psjkptjxjvvpxk1vxzznnb	21936212	21235572	437	40353792	40693760	3	50000/100000	201326592
1789618944385	env_01m2psknmpgwzq36ma1rv6n9v4	4517759	4249641	89	37158912	37158912	3	50000/100000	201326592
1789618944404	env_01m2pskvws8g3a12ywwmjqdsjf	2526404	0	0	31981568	31981568	3	100000/100000	335544320
1789618944919	env_01m2psjkpnjdce1tnxvvbqms1v	20410258	17957091	379	169299968	169701376	3	50000/100000	201326592
1789618944929	env_01m2psjkptjxjvvpxk1vxzznnb	22235767	21516085	443	40353792	40693760	3	50000/100000	201326592
1789618944939	env_01m2psknmpgwzq36ma1rv6n9v4	4786295	4482694	94	38207488	38207488	3	50000/100000	201326592
1789618944953	env_01m2pskvws8g3a12ywwmjqdsjf	3066921	0	0	35651584	35651584	3	100000/100000	335544320
1789618945480	env_01m2psjkpnjdce1tnxvvbqms1v	20693148	18285017	385	169299968	169701376	3	50000/100000	201326592
1789618945509	env_01m2psjkptjxjvvpxk1vxzznnb	22535829	21809233	449	40353792	40693760	3	50000/100000	201326592
1789618945518	env_01m2psknmpgwzq36ma1rv6n9v4	5086623	4761579	100	40304640	40304640	3	50000/100000	201326592
1789618945528	env_01m2pskvws8g3a12ywwmjqdsjf	3626147	0	0	39321600	39321600	3	100000/100000	335544320
1789618946041	env_01m2psjkpnjdce1tnxvvbqms1v	20960976	18573013	391	169299968	169701376	3	50000/100000	201326592
1789618946071	env_01m2psjkptjxjvvpxk1vxzznnb	22800669	22098572	455	40353792	40693760	3	50000/100000	201326592
1789618946101	env_01m2psknmpgwzq36ma1rv6n9v4	5382015	5040729	106	50528256	50790400	3	50000/100000	201326592
1789618946112	env_01m2pskvws8g3a12ywwmjqdsjf	4199668	0	0	40894464	40894464	3	100000/100000	335544320
1789618946624	env_01m2psjkpnjdce1tnxvvbqms1v	21260486	18818492	396	169299968	169701376	3	50000/100000	201326592
1789618946634	env_01m2psjkptjxjvvpxk1vxzznnb	23085853	22335094	460	40353792	40693760	3	50000/100000	201326592
1789618946644	env_01m2psknmpgwzq36ma1rv6n9v4	5636945	5322735	112	52363264	52363264	3	50000/100000	201326592
1789618946657	env_01m2pskvws8g3a12ywwmjqdsjf	4730491	0	0	42991616	42991616	3	100000/100000	335544320
1789618947204	env_01m2psjkpnjdce1tnxvvbqms1v	21560467	19114881	402	169299968	169701376	3	50000/100000	201326592
1789618947214	env_01m2psjkptjxjvvpxk1vxzznnb	23385914	22620906	466	40353792	40693760	3	50000/100000	201326592
1789618947224	env_01m2psknmpgwzq36ma1rv6n9v4	5936720	5558823	117	55246848	55246848	3	50000/100000	201326592
1789618947234	env_01m2pskvws8g3a12ywwmjqdsjf	5295332	0	0	42991616	42991616	3	100000/100000	335544320
1789618947750	env_01m2psjkpnjdce1tnxvvbqms1v	21817483	19410479	408	169299968	169701376	3	50000/100000	201326592
1789618947778	env_01m2psjkptjxjvvpxk1vxzznnb	23655714	22918032	472	40615936	40693760	3	50000/100000	201326592
1789618947807	env_01m2psknmpgwzq36ma1rv6n9v4	6236813	5852725	123	57081856	57081856	3	50000/100000	201326592
1789618947817	env_01m2pskvws8g3a12ywwmjqdsjf	5868126	0	0	42991616	42991616	3	100000/100000	335544320
1789618948329	env_01m2psjkpnjdce1tnxvvbqms1v	22110513	19647518	413	169562112	169701376	3	50000/100000	201326592
1789618948339	env_01m2psjkptjxjvvpxk1vxzznnb	23935919	23155613	477	40615936	40693760	3	50000/100000	201326592
1789618948369	env_01m2psknmpgwzq36ma1rv6n9v4	6508374	6146510	129	57868288	57868288	3	50000/100000	201326592
1789618948409	env_01m2pskvws8g3a12ywwmjqdsjf	6446608	0	0	42991616	42991616	3	100000/100000	335544320
1789618948921	env_01m2psjkpnjdce1tnxvvbqms1v	22264284	19840285	417	169562112	169701376	3	50000/100000	201326592
1789618948932	env_01m2psjkptjxjvvpxk1vxzznnb	24235786	23445047	483	40615936	40693760	3	50000/100000	201326592
1789618948942	env_01m2psknmpgwzq36ma1rv6n9v4	6786998	6384328	134	66781184	66781184	3	50000/100000	201326592
1789618948953	env_01m2pskvws8g3a12ywwmjqdsjf	6988245	0	0	44564480	44826624	3	100000/100000	335544320
1789618949471	env_01m2psjkpnjdce1tnxvvbqms1v	22350061	19840285	417	169037824	169701376	3	50000/100000	201326592
1789618949482	env_01m2psjkptjxjvvpxk1vxzznnb	24512463	23735104	489	40091648	40693760	3	50000/100000	201326592
1789618949492	env_01m2psknmpgwzq36ma1rv6n9v4	7083933	6680482	140	75993088	75993088	3	50000/100000	201326592
1789618950004	env_01m2psjkpnjdce1tnxvvbqms1v	22624658	20106481	422	169037824	169701376	3	50000/100000	201326592
1789618950014	env_01m2psjkptjxjvvpxk1vxzznnb	24785792	23981296	494	40091648	40693760	3	50000/100000	201326592
1789618950023	env_01m2psknmpgwzq36ma1rv6n9v4	7336804	6932068	145	89362432	89362432	3	50000/100000	201326592
1789618950537	env_01m2psjkpnjdce1tnxvvbqms1v	22872921	20375121	427	169037824	169701376	3	50000/100000	201326592
1789618950550	env_01m2psjkptjxjvvpxk1vxzznnb	25036027	24227028	499	40091648	40693760	3	50000/100000	201326592
1789618950562	env_01m2psknmpgwzq36ma1rv6n9v4	7603650	7226010	151	96178176	96178176	3	50000/100000	201326592
1789618951074	env_01m2psjkpnjdce1tnxvvbqms1v	23152846	20683042	433	169299968	169701376	3	50000/100000	201326592
1789618951085	env_01m2psjkptjxjvvpxk1vxzznnb	25315282	24523723	505	40091648	40693760	3	50000/100000	201326592
1789618951095	env_01m2psknmpgwzq36ma1rv6n9v4	7883854	7475946	156	104304640	104304640	3	50000/100000	201326592
1789618951607	env_01m2psjkpnjdce1tnxvvbqms1v	23424039	20945315	438	169299968	169701376	3	50000/100000	201326592
1789618951617	env_01m2psjkptjxjvvpxk1vxzznnb	25586396	24769942	510	40091648	40693760	3	50000/100000	201326592
1789618951627	env_01m2psknmpgwzq36ma1rv6n9v4	8136597	7725851	161	111120384	111120384	3	50000/100000	201326592
1789618952148	env_01m2psjkpnjdce1tnxvvbqms1v	23677872	21254163	444	169299968	169701376	3	50000/100000	201326592
1789618952160	env_01m2psjkptjxjvvpxk1vxzznnb	25841281	25066136	516	40091648	40693760	3	50000/100000	201326592
1789618952170	env_01m2psknmpgwzq36ma1rv6n9v4	8411481	8018193	167	118722560	118722560	3	50000/100000	201326592
1789618952682	env_01m2psjkpnjdce1tnxvvbqms1v	23965876	21511406	449	169299968	169701376	3	50000/100000	201326592
1789618952693	env_01m2psjkptjxjvvpxk1vxzznnb	26122508	25312513	521	40353792	40693760	3	50000/100000	201326592
1789618952703	env_01m2psknmpgwzq36ma1rv6n9v4	8686214	8265139	172	125538304	125538304	3	50000/100000	201326592
1789618953217	env_01m2psjkpnjdce1tnxvvbqms1v	24223646	21780726	454	169824256	169824256	3	50000/100000	201326592
1789618953227	env_01m2psjkptjxjvvpxk1vxzznnb	26386560	25556233	526	40353792	40693760	3	50000/100000	201326592
1789618953236	env_01m2psknmpgwzq36ma1rv6n9v4	8936247	8520299	177	131829760	131829760	3	50000/100000	201326592
1789618953747	env_01m2psjkpnjdce1tnxvvbqms1v	24476625	22099933	460	169824256	169824256	3	50000/100000	201326592
1789618953762	env_01m2psjkptjxjvvpxk1vxzznnb	26642679	25851623	532	40353792	40693760	3	50000/100000	201326592
1789618953772	env_01m2psknmpgwzq36ma1rv6n9v4	9214429	8809058	183	135761920	135761920	3	50000/100000	201326592
1789618954285	env_01m2psjkpnjdce1tnxvvbqms1v	24756015	22371333	465	169824256	169824256	3	50000/100000	201326592
1789618954296	env_01m2psjkptjxjvvpxk1vxzznnb	26928045	26098111	537	40353792	40693760	3	50000/100000	201326592
1789618954307	env_01m2psknmpgwzq36ma1rv6n9v4	9485979	9053691	188	135761920	135761920	3	50000/100000	201326592
1789618954818	env_01m2psjkpnjdce1tnxvvbqms1v	25023253	22676068	470	169824256	169824256	3	50000/100000	201326592
1789618954828	env_01m2psjkptjxjvvpxk1vxzznnb	27185879	26343947	542	40353792	40693760	3	50000/100000	201326592
1789618954838	env_01m2psknmpgwzq36ma1rv6n9v4	9736406	9298427	193	136024064	136024064	3	50000/100000	201326592
1789618955350	env_01m2psjkpnjdce1tnxvvbqms1v	25038151	22763212	471	169066496	169824256	3	50000/100000	201326592
1789618955361	env_01m2psjkptjxjvvpxk1vxzznnb	27442916	26640502	548	40091648	40693760	3	50000/100000	201326592
1789618955371	env_01m2psm8q0rnpsm7qb4zfg8ekf	168992	99209	2	24637440	24637440	3	50000/100000	201326592
1789618956212	env_01m2psjkpnjdce1tnxvvbqms1v	25375978	23044833	476	169328640	169824256	3	50000/100000	201326592
1789618956222	env_01m2psjkptjxjvvpxk1vxzznnb	27886644	27036627	556	40091648	40693760	3	50000/100000	201326592
1789618956232	env_01m2psm8q0rnpsm7qb4zfg8ekf	600509	545088	11	27258880	27258880	3	50000/100000	201326592
1789618956744	env_01m2psjkpnjdce1tnxvvbqms1v	25628017	23389546	482	169328640	169824256	3	50000/100000	201326592
1789618956755	env_01m2psjkptjxjvvpxk1vxzznnb	28138160	27333269	562	40091648	40693760	3	50000/100000	201326592
1789618956767	env_01m2psm8q0rnpsm7qb4zfg8ekf	868624	792477	16	28045312	28045312	3	50000/100000	201326592
1789618957279	env_01m2psjkpnjdce1tnxvvbqms1v	25918863	23673968	487	169328640	169824256	3	50000/100000	201326592
1789618957290	env_01m2psjkptjxjvvpxk1vxzznnb	28421423	27581218	567	40091648	40693760	3	50000/100000	201326592
1789618957300	env_01m2psm8q0rnpsm7qb4zfg8ekf	1118945	1089411	22	29093888	29093888	3	50000/100000	201326592
1789618957812	env_01m2psjkpnjdce1tnxvvbqms1v	26175391	23959618	492	169328640	169824256	3	50000/100000	201326592
1789618957823	env_01m2psjkptjxjvvpxk1vxzznnb	28686302	27827783	572	40353792	40693760	3	50000/100000	201326592
1789618957833	env_01m2psm8q0rnpsm7qb4zfg8ekf	1402174	1336542	27	30666752	30666752	3	50000/100000	201326592
1789618958344	env_01m2psjkpnjdce1tnxvvbqms1v	26427344	24305354	498	169590784	169824256	3	50000/100000	201326592
1789618958356	env_01m2psjkptjxjvvpxk1vxzznnb	28940095	28125186	578	40353792	40693760	3	50000/100000	201326592
1789618958370	env_01m2psm8q0rnpsm7qb4zfg8ekf	1668922	1584299	32	32763904	32763904	3	50000/100000	201326592
1789618958884	env_01m2psjkpnjdce1tnxvvbqms1v	26722902	24638594	503	169590784	169824256	3	50000/100000	201326592
1789618958894	env_01m2psjkptjxjvvpxk1vxzznnb	29226543	28371095	583	40353792	40693760	3	50000/100000	201326592
1789618958904	env_01m2psm8q0rnpsm7qb4zfg8ekf	1922974	1881014	38	34074624	34074624	3	50000/100000	201326592
1789618959415	env_01m2psjkpnjdce1tnxvvbqms1v	26970986	24925363	508	169590784	169824256	3	50000/100000	201326592
1789618959425	env_01m2psjkptjxjvvpxk1vxzznnb	29486043	28619573	588	40353792	40693760	3	50000/100000	201326592
1789618959434	env_01m2psm8q0rnpsm7qb4zfg8ekf	2203928	2127288	43	36696064	36696064	3	50000/100000	201326592
1789618959946	env_01m2psjkpnjdce1tnxvvbqms1v	27226057	25269178	514	169590784	169824256	3	50000/100000	201326592
1789618959957	env_01m2psjkptjxjvvpxk1vxzznnb	29739190	28915928	594	40353792	40693760	3	50000/100000	201326592
1789618959968	env_01m2psm8q0rnpsm7qb4zfg8ekf	2469410	2378458	48	38268928	38268928	3	50000/100000	201326592
1789618960480	env_01m2psjkpnjdce1tnxvvbqms1v	27510996	25559853	519	169590784	169824256	3	50000/100000	201326592
1789618960491	env_01m2psjkptjxjvvpxk1vxzznnb	30022509	29163075	599	40353792	40693760	3	50000/100000	201326592
1789618960500	env_01m2psm8q0rnpsm7qb4zfg8ekf	2718809	2677263	54	40366080	40366080	3	50000/100000	201326592
1789618961012	env_01m2psjkpnjdce1tnxvvbqms1v	27719998	25840946	524	169590784	169824256	3	50000/100000	201326592
1789618961022	env_01m2psjkptjxjvvpxk1vxzznnb	30286347	29409195	604	40353792	40693760	3	50000/100000	201326592
1789618961031	env_01m2psm8q0rnpsm7qb4zfg8ekf	2999343	2918849	59	52948992	52948992	3	50000/100000	201326592
1789618961542	env_01m2psjkpnjdce1tnxvvbqms1v	27738575	25840946	524	169590784	169824256	3	50000/100000	201326592
1789618961553	env_01m2psjkptjxjvvpxk1vxzznnb	30536660	29657543	610	40353792	40693760	3	50000/100000	201326592
1789618961563	env_01m2psm8q0rnpsm7qb4zfg8ekf	3268549	3166191	64	62386176	62386176	3	50000/100000	201326592
1789618962075	env_01m2psjkpnjdce1tnxvvbqms1v	27937108	25993402	527	169590784	169824256	3	50000/100000	201326592
1789618962088	env_01m2psjkptjxjvvpxk1vxzznnb	30819107	29954074	615	40353792	40693760	3	50000/100000	201326592
1789618962097	env_01m2psm8q0rnpsm7qb4zfg8ekf	3519369	3413961	69	69726208	69726208	3	50000/100000	201326592
1789618962609	env_01m2psjkpnjdce1tnxvvbqms1v	28199465	26276808	532	169590784	169824256	3	50000/100000	201326592
1789618962620	env_01m2psjkptjxjvvpxk1vxzznnb	31086336	30201200	620	40353792	40693760	3	50000/100000	201326592
1789618962629	env_01m2psm8q0rnpsm7qb4zfg8ekf	3797676	3710659	75	77590528	77590528	3	50000/100000	201326592
1789618963141	env_01m2psjkpnjdce1tnxvvbqms1v	28448833	26616190	538	169852928	169852928	3	50000/100000	201326592
1789618963154	env_01m2psjkptjxjvvpxk1vxzznnb	31335936	30498766	626	40353792	40693760	3	50000/100000	201326592
1789618963166	env_01m2psm8q0rnpsm7qb4zfg8ekf	4068904	3957919	80	85192704	85192704	3	50000/100000	201326592
1789618963678	env_01m2psjkpnjdce1tnxvvbqms1v	28740911	26895725	543	169852928	169852928	3	50000/100000	201326592
1789618963689	env_01m2psjkptjxjvvpxk1vxzznnb	31622433	30741590	631	40353792	40693760	3	50000/100000	201326592
1789618963699	env_01m2psm8q0rnpsm7qb4zfg8ekf	4318988	4253548	86	91746304	91746304	3	50000/100000	201326592
1789618964213	env_01m2psjkpnjdce1tnxvvbqms1v	28996613	27178030	548	169852928	169852928	3	50000/100000	201326592
1789618964223	env_01m2psjkptjxjvvpxk1vxzznnb	31886907	30989663	636	40353792	40693760	3	50000/100000	201326592
1789618964233	env_01m2psm8q0rnpsm7qb4zfg8ekf	4600461	4501598	91	98037760	98299904	3	50000/100000	201326592
1789618964744	env_01m2psjkpnjdce1tnxvvbqms1v	29242149	27521979	554	169852928	169852928	3	50000/100000	201326592
1789618964755	env_01m2psjkptjxjvvpxk1vxzznnb	32141455	31285770	642	40353792	40693760	3	50000/100000	201326592
1789618964768	env_01m2psm8q0rnpsm7qb4zfg8ekf	4868951	4748578	96	104329216	104329216	3	50000/100000	201326592
1789618965280	env_01m2psjkpnjdce1tnxvvbqms1v	29411196	27686532	557	169852928	169852928	3	50000/100000	201326592
1789618965291	env_01m2psjkptjxjvvpxk1vxzznnb	32423339	31532571	647	40353792	40693760	3	50000/100000	201326592
1789618965301	env_01m2psm8q0rnpsm7qb4zfg8ekf	5119523	5046371	102	117174272	117174272	3	50000/100000	201326592
1789618965812	env_01m2psjkpnjdce1tnxvvbqms1v	29425466	27686532	557	169852928	169852928	3	50000/100000	201326592
1789618965823	env_01m2psjkptjxjvvpxk1vxzznnb	32686874	31780579	652	40353792	40693760	3	50000/100000	201326592
1789618965833	env_01m2psm8q0rnpsm7qb4zfg8ekf	5401152	5294688	107	135786496	135786496	3	50000/100000	201326592
1789618966345	env_01m2psjkpnjdce1tnxvvbqms1v	29675984	28012105	562	169852928	169852928	3	50000/100000	201326592
1789618966356	env_01m2psjkptjxjvvpxk1vxzznnb	32938163	32077381	658	40353792	40693760	3	50000/100000	201326592
1789618966367	env_01m2psm8q0rnpsm7qb4zfg8ekf	5668158	5542206	112	135786496	135786496	3	50000/100000	201326592
1789618966879	env_01m2psjkpnjdce1tnxvvbqms1v	29965367	28297757	567	169852928	169852928	3	50000/100000	201326592
1789618966890	env_01m2psjkptjxjvvpxk1vxzznnb	33223246	32324421	663	40353792	40693760	3	50000/100000	201326592
1789618966900	env_01m2psm8q0rnpsm7qb4zfg8ekf	5918603	5839093	118	135786496	135786496	3	50000/100000	201326592
1789618967411	env_01m2psjkpnjdce1tnxvvbqms1v	30220453	28636207	572	169185280	170115072	3	50000/100000	201326592
1789618967423	env_01m2psjkptjxjvvpxk1vxzznnb	33487734	32572294	668	40091648	40693760	3	50000/100000	201326592
1789618967942	env_01m2psjkpnjdce1tnxvvbqms1v	30472690	28971778	578	169709568	170115072	3	50000/100000	201326592
1789618967955	env_01m2psjkptjxjvvpxk1vxzznnb	33738548	32868901	674	40353792	40693760	3	50000/100000	201326592
1789618967968	env_01m2psmmsa1yy33fc0sj7j8cxf	278907	243450	5	27017216	27041792	3	50000/100000	201326592
1789618968815	env_01m2psjkpnjdce1tnxvvbqms1v	30922094	29415858	586	169709568	170115072	3	50000/100000	201326592
1789618968825	env_01m2psjkptjxjvvpxk1vxzznnb	34187194	33262873	682	40353792	40693760	3	50000/100000	201326592
1789618968835	env_01m2psmmsa1yy33fc0sj7j8cxf	708229	634975	13	28303360	28303360	3	50000/100000	201326592
1789618969346	env_01m2psjkpnjdce1tnxvvbqms1v	31171571	29753521	592	169709568	170115072	3	50000/100000	201326592
1789618969357	env_01m2psjkptjxjvvpxk1vxzznnb	34440620	33559252	688	40353792	40693760	3	50000/100000	201326592
1789618969369	env_01m2psmmsa1yy33fc0sj7j8cxf	979441	929862	19	28565504	28565504	3	50000/100000	201326592
1789618969882	env_01m2psjkpnjdce1tnxvvbqms1v	31454504	30036689	597	169709568	170115072	3	50000/100000	201326592
1789618969894	env_01m2psjkptjxjvvpxk1vxzznnb	34725897	33807043	693	40353792	40693760	3	50000/100000	201326592
1789618969904	env_01m2psmmsa1yy33fc0sj7j8cxf	1258246	1177544	24	29876224	29876224	3	50000/100000	201326592
1789618970418	env_01m2psjkpnjdce1tnxvvbqms1v	31718084	30309757	602	169709568	170115072	3	50000/100000	201326592
1789618970429	env_01m2psjkptjxjvvpxk1vxzznnb	34987618	34053561	698	40353792	40693760	3	50000/100000	201326592
1789618970439	env_01m2psmmsa1yy33fc0sj7j8cxf	1509011	1418831	29	30924800	30924800	3	50000/100000	201326592
1789618970954	env_01m2psjkpnjdce1tnxvvbqms1v	31977974	30626215	608	169709568	170115072	3	50000/100000	201326592
1789618970967	env_01m2psjkptjxjvvpxk1vxzznnb	35250231	34350832	704	40353792	40693760	3	50000/100000	201326592
1789618970980	env_01m2psmmsa1yy33fc0sj7j8cxf	1790488	1712663	35	33546240	33546240	3	50000/100000	201326592
1789618971492	env_01m2psjkpnjdce1tnxvvbqms1v	32093444	30727773	610	169709568	170115072	3	50000/100000	201326592
1789618971503	env_01m2psjkptjxjvvpxk1vxzznnb	35535449	34597738	709	40353792	40693760	3	50000/100000	201326592
1789618971512	env_01m2psmmsa1yy33fc0sj7j8cxf	2059478	1958402	40	34856960	34856960	3	50000/100000	201326592
1789618972024	env_01m2psjkpnjdce1tnxvvbqms1v	32134673	30727773	610	169709568	170115072	3	50000/100000	201326592
1789618972035	env_01m2psjkptjxjvvpxk1vxzznnb	35787162	34845564	714	40353792	40693760	3	50000/100000	201326592
1789618972045	env_01m2psmmsa1yy33fc0sj7j8cxf	2308466	2206740	45	37216256	37216256	3	50000/100000	201326592
1789618972561	env_01m2psjkpnjdce1tnxvvbqms1v	32420900	31072889	616	169709568	170115072	3	50000/100000	201326592
1789618972572	env_01m2psjkptjxjvvpxk1vxzznnb	36055455	35142255	720	40353792	40693760	3	50000/100000	201326592
1789618972583	env_01m2psmmsa1yy33fc0sj7j8cxf	2590264	2506953	51	38002688	38002688	3	50000/100000	201326592
1789618973097	env_01m2psjkpnjdce1tnxvvbqms1v	32703606	31352077	621	169709568	170115072	3	50000/100000	201326592
1789618973108	env_01m2psjkptjxjvvpxk1vxzznnb	36337241	35389199	725	40615936	40693760	3	50000/100000	201326592
1789618973118	env_01m2psmmsa1yy33fc0sj7j8cxf	2856284	2751889	56	40099840	40099840	3	50000/100000	201326592
1789618973497	env_01m2psjkpnjdce1tnxvvbqms1v	32952351	31634293	626	169463808	170115072	3	50000/100000	201326592
1789618973508	env_01m2psjkptjxjvvpxk1vxzznnb	36587441	35637306	730	40353792	40693760	3	50000/100000	201326592
1789618973522	env_01m2psmmsa1yy33fc0sj7j8cxf	3121757	3039091	62	54337536	54337536	3	50000/100000	201326592
1789618974034	env_01m2psjkpnjdce1tnxvvbqms1v	33232962	31948753	632	169463808	170115072	3	50000/100000	201326592
1789618974044	env_01m2psjkptjxjvvpxk1vxzznnb	36867312	35932798	736	40353792	40693760	3	50000/100000	201326592
1789618974055	env_01m2psmmsa1yy33fc0sj7j8cxf	3404169	3287097	67	63774720	63774720	3	50000/100000	201326592
1789618974567	env_01m2psjkpnjdce1tnxvvbqms1v	33503195	32211806	637	169463808	170115072	3	50000/100000	201326592
1789618974576	env_01m2psjkptjxjvvpxk1vxzznnb	37137429	36178899	741	40353792	40693760	3	50000/100000	201326592
1789618974586	env_01m2psmmsa1yy33fc0sj7j8cxf	3656824	3536982	72	71901184	71901184	3	50000/100000	201326592
1789618975108	env_01m2psjkpnjdce1tnxvvbqms1v	33757012	32524691	643	169250816	170115072	3	50000/100000	201326592
1789618975124	env_01m2psjkptjxjvvpxk1vxzznnb	37396430	36475659	747	40353792	40693760	3	50000/100000	201326592
1789618975134	env_01m2psmmsa1yy33fc0sj7j8cxf	3933818	3831072	78	79765504	79765504	3	50000/100000	201326592
1789618975646	env_01m2psjkpnjdce1tnxvvbqms1v	34040712	32792316	648	169512960	170115072	3	50000/100000	201326592
1789618975656	env_01m2psjkptjxjvvpxk1vxzznnb	37679726	36721716	752	40353792	40693760	3	50000/100000	201326592
1789618975666	env_01m2psmmsa1yy33fc0sj7j8cxf	4206426	4082689	83	86843392	86843392	3	50000/100000	201326592
1789618976182	env_01m2psjkpnjdce1tnxvvbqms1v	34302603	33053511	653	169512960	170115072	3	50000/100000	201326592
1789618976192	env_01m2psjkptjxjvvpxk1vxzznnb	37937032	36968266	757	40353792	40693760	3	50000/100000	201326592
1789618976201	env_01m2psmmsa1yy33fc0sj7j8cxf	4455450	4331253	88	92872704	92872704	3	50000/100000	201326592
1789618976715	env_01m2psjkpnjdce1tnxvvbqms1v	34556840	33368676	659	169775104	170115072	3	50000/100000	201326592
1789618976726	env_01m2psjkptjxjvvpxk1vxzznnb	38199628	37262484	763	40353792	40693760	3	50000/100000	201326592
1789618976736	env_01m2psmmsa1yy33fc0sj7j8cxf	4731075	4627648	94	98869248	98869248	3	50000/100000	201326592
1789618977248	env_01m2psjkpnjdce1tnxvvbqms1v	34807149	33629467	664	169775104	170115072	3	50000/100000	201326592
1789618977260	env_01m2psjkptjxjvvpxk1vxzznnb	38482562	37506742	768	40353792	40693760	3	50000/100000	201326592
1789618977270	env_01m2psmmsa1yy33fc0sj7j8cxf	5005809	4875467	99	104898560	104898560	3	50000/100000	201326592
1789618977781	env_01m2psjkpnjdce1tnxvvbqms1v	34835229	33629467	664	169775104	170115072	3	50000/100000	201326592
1789618977791	env_01m2psjkptjxjvvpxk1vxzznnb	38736484	37754358	773	40615936	40693760	3	50000/100000	201326592
1789618977801	env_01m2psmmsa1yy33fc0sj7j8cxf	5256144	5118730	104	112762880	112762880	3	50000/100000	201326592
1789618978312	env_01m2psjkpnjdce1tnxvvbqms1v	34998751	33797704	667	169775104	170115072	3	50000/100000	201326592
1789618978327	env_01m2psjkptjxjvvpxk1vxzznnb	38999055	38052000	779	40615936	40693760	3	50000/100000	201326592
1789618978340	env_01m2psmmsa1yy33fc0sj7j8cxf	5538769	5416124	110	124297216	124297216	3	50000/100000	201326592
1789618978854	env_01m2psjkpnjdce1tnxvvbqms1v	35287816	34073396	672	169775104	170115072	3	50000/100000	201326592
1789618978865	env_01m2psjkptjxjvvpxk1vxzznnb	39286117	38297820	784	40615936	40693760	3	50000/100000	201326592
1789618978874	env_01m2psmmsa1yy33fc0sj7j8cxf	5805548	5667752	115	133996544	133996544	3	50000/100000	201326592
1789618979393	env_01m2psjkpnjdce1tnxvvbqms1v	35541816	34345676	677	169775104	170115072	3	50000/100000	201326592
1789618979403	env_01m2psjkptjxjvvpxk1vxzznnb	39536660	38545778	789	40615936	40693760	3	50000/100000	201326592
1789618979414	env_01m2psmmsa1yy33fc0sj7j8cxf	6066016	5958545	121	136093696	136093696	3	50000/100000	201326592
1789618979932	env_01m2psjkpnjdce1tnxvvbqms1v	35822514	34664819	683	169775104	170115072	3	50000/100000	201326592
1789618979942	env_01m2psjkptjxjvvpxk1vxzznnb	39814843	38842042	795	40615936	40693760	3	50000/100000	201326592
1789618979953	env_01m2psmmsa1yy33fc0sj7j8cxf	6348991	6203430	126	136093696	136093696	3	50000/100000	201326592
1789618980464	env_01m2psjkpnjdce1tnxvvbqms1v	36090702	34944417	688	169775104	170115072	3	50000/100000	201326592
1789618980474	env_01m2psjkptjxjvvpxk1vxzznnb	40086578	39089691	800	40615936	40693760	3	50000/100000	201326592
1789618980483	env_01m2psmmsa1yy33fc0sj7j8cxf	6606642	6445654	131	136093696	136093696	3	50000/100000	201326592
1789618980994	env_01m2psjkpnjdce1tnxvvbqms1v	36340986	35200212	693	169545728	170115072	3	50000/100000	201326592
1789618981005	env_01m2psjkptjxjvvpxk1vxzznnb	40336252	39335775	805	40091648	40693760	3	50000/100000	201326592
1789618981016	env_01m2psn1rvg5v9sjvcsxk1nhyp	153976	99904	2	24367104	24391680	3	50000/100000	201326592
1789618981857	env_01m2psjkpnjdce1tnxvvbqms1v	36790895	35698309	702	169807872	170115072	3	50000/100000	201326592
1789618981867	env_01m2psjkptjxjvvpxk1vxzznnb	40786008	39781383	814	40091648	40693760	3	50000/100000	201326592
1789618981877	env_01m2psn1rvg5v9sjvcsxk1nhyp	582438	543795	11	27250688	27250688	3	50000/100000	201326592
1789618982389	env_01m2psjkpnjdce1tnxvvbqms1v	37041192	35984405	707	169807872	170115072	3	50000/100000	201326592
1789618982399	env_01m2psjkptjxjvvpxk1vxzznnb	41036085	40028683	819	40091648	40693760	3	50000/100000	201326592
1789618982410	env_01m2psn1rvg5v9sjvcsxk1nhyp	854192	791134	16	27774976	27774976	3	50000/100000	201326592
1789618982925	env_01m2psjkpnjdce1tnxvvbqms1v	37316073	36330328	713	169807872	170115072	3	50000/100000	201326592
1789618982937	env_01m2psjkptjxjvvpxk1vxzznnb	41309738	40325014	825	40353792	40693760	3	50000/100000	201326592
1789618982948	env_01m2psn1rvg5v9sjvcsxk1nhyp	1103378	1088321	22	28823552	28823552	3	50000/100000	201326592
1789618983461	env_01m2psjkpnjdce1tnxvvbqms1v	37502437	36557774	717	169807872	170115072	3	50000/100000	201326592
1789618983471	env_01m2psjkptjxjvvpxk1vxzznnb	41586097	40579615	830	40353792	40693760	3	50000/100000	201326592
1789618983481	env_01m2psn1rvg5v9sjvcsxk1nhyp	1386910	1334897	27	30134272	30134272	3	50000/100000	201326592
1789618983993	env_01m2psjkpnjdce1tnxvvbqms1v	37515288	36557774	717	169807872	170115072	3	50000/100000	201326592
1789618984004	env_01m2psjkptjxjvvpxk1vxzznnb	41835919	40820295	835	40353792	40693760	3	50000/100000	201326592
1789618984013	env_01m2psn1rvg5v9sjvcsxk1nhyp	1653821	1581623	32	31969280	31969280	3	50000/100000	201326592
1789618984525	env_01m2psjkpnjdce1tnxvvbqms1v	37744680	36743552	721	169807872	170115072	3	50000/100000	201326592
1789618984536	env_01m2psjkptjxjvvpxk1vxzznnb	42109199	41117098	841	40353792	40693760	3	50000/100000	201326592
1789618984547	env_01m2psn1rvg5v9sjvcsxk1nhyp	1903951	1829116	38	34066432	34066432	3	50000/100000	201326592
1789618985059	env_01m2psjkpnjdce1tnxvvbqms1v	38017524	37023123	726	169807872	170115072	3	50000/100000	201326592
1789618985069	env_01m2psjkptjxjvvpxk1vxzznnb	42386590	41365027	846	40353792	40693760	3	50000/100000	201326592
1789618985080	env_01m2psn1rvg5v9sjvcsxk1nhyp	2184192	2126855	43	36687872	36687872	3	50000/100000	201326592
1789618985591	env_01m2psjkpnjdce1tnxvvbqms1v	38267147	37368188	731	170070016	170115072	3	50000/100000	201326592
1789618985602	env_01m2psjkptjxjvvpxk1vxzznnb	42636468	41612361	851	40353792	40693760	3	50000/100000	201326592
1789618985613	env_01m2psn1rvg5v9sjvcsxk1nhyp	2453836	2377183	48	37998592	37998592	3	50000/100000	201326592
1789618986126	env_01m2psjkpnjdce1tnxvvbqms1v	38548610	37711701	737	170070016	170115072	3	50000/100000	201326592
1789618986137	env_01m2psjkptjxjvvpxk1vxzznnb	42909951	41909236	857	40353792	40693760	3	50000/100000	201326592
1789618986148	env_01m2psn1rvg5v9sjvcsxk1nhyp	2702708	2675850	54	40357888	40357888	3	50000/100000	201326592
1789618986660	env_01m2psjkpnjdce1tnxvvbqms1v	38816704	37996847	742	170070016	170115072	3	50000/100000	201326592
1789618986670	env_01m2psjkptjxjvvpxk1vxzznnb	43185986	42156591	862	40353792	40693760	3	50000/100000	201326592
1789618986679	env_01m2psn1rvg5v9sjvcsxk1nhyp	2983308	2920730	59	52940800	52940800	3	50000/100000	201326592
1789618987193	env_01m2psjkpnjdce1tnxvvbqms1v	39063928	38289179	747	170070016	170115072	3	50000/100000	201326592
1789618987217	env_01m2psjkptjxjvvpxk1vxzznnb	43440714	42453742	868	40353792	40693760	3	50000/100000	201326592
1789618987238	env_01m2psn1rvg5v9sjvcsxk1nhyp	3253214	3167183	64	59494400	59494400	3	50000/100000	201326592
1789618987758	env_01m2psjkpnjdce1tnxvvbqms1v	39359700	38635026	753	170070016	170115072	3	50000/100000	201326592
1789618987769	env_01m2psjkptjxjvvpxk1vxzznnb	43736758	42700668	873	40615936	40693760	3	50000/100000	201326592
1789618987780	env_01m2psn1rvg5v9sjvcsxk1nhyp	3535084	3464479	70	66572288	66572288	3	50000/100000	201326592
1789618988293	env_01m2psjkpnjdce1tnxvvbqms1v	39607653	38926989	758	170070016	170115072	3	50000/100000	201326592
1789618988304	env_01m2psjkptjxjvvpxk1vxzznnb	43986467	42948176	878	40615936	40693760	3	50000/100000	201326592
1789618988315	env_01m2psn1rvg5v9sjvcsxk1nhyp	3802895	3712104	75	72601600	72601600	3	50000/100000	201326592
1789618988828	env_01m2psjkpnjdce1tnxvvbqms1v	39891606	39272102	764	170070016	170115072	3	50000/100000	201326592
1789618988841	env_01m2psjkptjxjvvpxk1vxzznnb	44263639	43244801	884	40615936	40693760	3	50000/100000	201326592
1789618988853	env_01m2psn1rvg5v9sjvcsxk1nhyp	4058589	4008650	81	78106624	78106624	3	50000/100000	201326592
1789618989366	env_01m2psjkpnjdce1tnxvvbqms1v	40158063	39563564	769	170070016	170115072	3	50000/100000	201326592
1789618989378	env_01m2psjkptjxjvvpxk1vxzznnb	44536507	43491198	889	40615936	40693760	3	50000/100000	201326592
1789618989391	env_01m2psn1rvg5v9sjvcsxk1nhyp	4347191	4256221	86	83611648	83611648	3	50000/100000	201326592
1789618990236	env_01m2psjkpnjdce1tnxvvbqms1v	40415635	39679678	776	170070016	170115072	3	50000/100000	201326592
1789618990344	env_01m2psjkptjxjvvpxk1vxzznnb	45085481	43780854	894	40615936	40693760	3	50000/100000	201326592
1789618990455	env_01m2psn1rvg5v9sjvcsxk1nhyp	4799826	4613293	96	84398080	84398080	3	50000/100000	201326592
1789618991079	env_01m2psjkpnjdce1tnxvvbqms1v	40811401	41201389	784	170070016	170115072	3	50000/100000	201326592
1789618991093	env_01m2psjkptjxjvvpxk1vxzznnb	45286382	44424113	901	40615936	40693760	3	50000/100000	201326592
1789618991107	env_01m2psn1rvg5v9sjvcsxk1nhyp	5091164	5204335	102	91475968	91475968	3	50000/100000	201326592
1789618991635	env_01m2psjkpnjdce1tnxvvbqms1v	41099293	41554857	790	170070016	170115072	3	50000/100000	201326592
1789618991654	env_01m2psjkptjxjvvpxk1vxzznnb	45576805	44721732	907	40615936	40693760	3	50000/100000	201326592
1789618991668	env_01m2psn1rvg5v9sjvcsxk1nhyp	5359434	5500909	108	99340288	99340288	3	50000/100000	201326592
1789618992181	env_01m2psjkpnjdce1tnxvvbqms1v	41355089	41847146	795	170070016	170115072	3	50000/100000	201326592
1789618992192	env_01m2psjkptjxjvvpxk1vxzznnb	45836494	44968520	912	40615936	40693760	3	50000/100000	201326592
1789618992203	env_01m2psn1rvg5v9sjvcsxk1nhyp	5640653	5746954	113	106942464	106942464	3	50000/100000	201326592
1789618992716	env_01m2psjkpnjdce1tnxvvbqms1v	41623540	42200509	801	170070016	170115072	3	50000/100000	201326592
1789618992730	env_01m2psjkptjxjvvpxk1vxzznnb	46103542	45266396	918	40615936	40693760	3	50000/100000	201326592
1789618992748	env_01m2psn1rvg5v9sjvcsxk1nhyp	5890580	6044176	119	114020352	114020352	3	50000/100000	201326592
1789618993264	env_01m2psjkpnjdce1tnxvvbqms1v	41906250	42532538	806	170070016	170115072	3	50000/100000	201326592
1789618993275	env_01m2psjkptjxjvvpxk1vxzznnb	46386249	45512949	923	40615936	40693760	3	50000/100000	201326592
1789618993286	env_01m2psn1rvg5v9sjvcsxk1nhyp	6179332	6290779	124	120573952	120573952	3	50000/100000	201326592
1789618993798	env_01m2psjkpnjdce1tnxvvbqms1v	42154854	42826931	811	170070016	170115072	3	50000/100000	201326592
1789618993811	env_01m2psjkptjxjvvpxk1vxzznnb	46636750	45760808	928	40615936	40693760	3	50000/100000	201326592
1789618993823	env_01m2psn1rvg5v9sjvcsxk1nhyp	6441258	6538430	129	126865408	126865408	3	50000/100000	201326592
1789618994339	env_01m2psjkpnjdce1tnxvvbqms1v	42445373	43177501	817	170070016	170115072	3	50000/100000	201326592
1789618994352	env_01m2psjkptjxjvvpxk1vxzznnb	46925017	46057561	934	40615936	40693760	3	50000/100000	201326592
1789618994365	env_01m2psn1rvg5v9sjvcsxk1nhyp	6708020	6835758	135	133156864	133156864	3	50000/100000	201326592
1789618994878	env_01m2psjkpnjdce1tnxvvbqms1v	42697782	43466810	822	170070016	170115072	3	50000/100000	201326592
1789618994889	env_01m2psjkptjxjvvpxk1vxzznnb	47186990	46304225	939	40615936	40693760	3	50000/100000	201326592
1789618994901	env_01m2psn1rvg5v9sjvcsxk1nhyp	6990914	7083137	140	135778304	135778304	3	50000/100000	201326592
1789618995415	env_01m2psjkpnjdce1tnxvvbqms1v	42964707	43816297	828	170070016	170115072	3	50000/100000	201326592
1789618995428	env_01m2psjkptjxjvvpxk1vxzznnb	47451446	46600728	945	40615936	40693760	3	50000/100000	201326592
1789618995441	env_01m2psn1rvg5v9sjvcsxk1nhyp	7241124	7330514	145	135778304	135778304	3	50000/100000	201326592
1789618995959	env_01m2psjkpnjdce1tnxvvbqms1v	43247274	44102203	833	170070016	170115072	3	50000/100000	201326592
1789618995971	env_01m2psjkptjxjvvpxk1vxzznnb	47737040	46848444	950	40615936	40693760	3	50000/100000	201326592
1789618995981	env_01m2psn1rvg5v9sjvcsxk1nhyp	7526722	7624177	151	135778304	135778304	3	50000/100000	201326592
1789618996497	env_01m2psjkpnjdce1tnxvvbqms1v	43495916	44426026	839	169435136	170115072	3	50000/100000	201326592
1789618996524	env_01m2psjkptjxjvvpxk1vxzznnb	48000789	47143469	956	40091648	40693760	3	50000/100000	201326592
1789618996568	env_01m2psngzcwzpmf6vf3g7g98yb	149466	49854	1	23846912	23846912	3	50000/100000	201326592
1789618997473	env_01m2psjkpnjdce1tnxvvbqms1v	43995934	44930279	848	169697280	170115072	3	50000/100000	201326592
1789618997486	env_01m2psjkptjxjvvpxk1vxzznnb	48488955	47586431	965	40091648	40693760	3	50000/100000	201326592
1789618997497	env_01m2psngzcwzpmf6vf3g7g98yb	598923	483717	11	27254784	27254784	3	50000/100000	201326592
1789618998013	env_01m2psjkpnjdce1tnxvvbqms1v	44264637	45255778	854	169959424	170115072	3	50000/100000	201326592
1789618998035	env_01m2psjkptjxjvvpxk1vxzznnb	48760748	47882516	971	40353792	40693760	3	50000/100000	201326592
1789618998050	env_01m2psngzcwzpmf6vf3g7g98yb	895432	777214	16	28041216	28041216	3	50000/100000	201326592
1789618998572	env_01m2psjkpnjdce1tnxvvbqms1v	44544238	45528774	859	169709568	170115072	3	50000/100000	201326592
1789618998584	env_01m2psngzcwzpmf6vf3g7g98yb	1149224	1017260	21	27983872	28041216	3	50000/100000	201326592
1789618999098	env_01m2psjkpnjdce1tnxvvbqms1v	44792073	45817503	865	169971712	170115072	3	50000/100000	201326592
1789618999113	env_01m2psngzcwzpmf6vf3g7g98yb	1413246	1314225	27	29032448	29032448	3	50000/100000	201326592
1789618999629	env_01m2psjkpnjdce1tnxvvbqms1v	45075916	46161108	870	169971712	170115072	3	50000/100000	201326592
1789618999643	env_01m2psngzcwzpmf6vf3g7g98yb	1690806	1563183	32	30081024	30081024	3	50000/100000	201326592
1789619000158	env_01m2psjkpnjdce1tnxvvbqms1v	45109503	46216915	871	169971712	170115072	3	50000/100000	201326592
1789619000170	env_01m2psngzcwzpmf6vf3g7g98yb	1948464	1807981	37	31391744	31391744	3	50000/100000	201326592
1789619000683	env_01m2psjkpnjdce1tnxvvbqms1v	45127494	46216915	871	169971712	170115072	3	50000/100000	201326592
1789619000695	env_01m2psngzcwzpmf6vf3g7g98yb	2198822	2055424	42	34013184	34013184	3	50000/100000	201326592
1789619001209	env_01m2psjkpnjdce1tnxvvbqms1v	45351569	46452031	875	169971712	170115072	3	50000/100000	201326592
1789619001221	env_01m2psngzcwzpmf6vf3g7g98yb	2466649	2357702	48	36110336	36110336	3	50000/100000	201326592
1789619001734	env_01m2psjkpnjdce1tnxvvbqms1v	45633627	46733754	880	170233856	170233856	3	50000/100000	201326592
1789619001747	env_01m2psngzcwzpmf6vf3g7g98yb	2744847	2606391	53	37421056	37421056	3	50000/100000	201326592
1789619002261	env_01m2psjkpnjdce1tnxvvbqms1v	45897237	47014208	885	170233856	170233856	3	50000/100000	201326592
1789619002272	env_01m2psngzcwzpmf6vf3g7g98yb	2997851	2855268	58	38469632	38469632	3	50000/100000	201326592
1789619002785	env_01m2psjkpnjdce1tnxvvbqms1v	46147189	47301819	890	170233856	170233856	3	50000/100000	201326592
1789619002799	env_01m2psngzcwzpmf6vf3g7g98yb	3249074	3152927	64	43184128	43446272	3	50000/100000	201326592
1789619003312	env_01m2psjkpnjdce1tnxvvbqms1v	46406578	47620626	896	170496000	170496000	3	50000/100000	201326592
1789619003324	env_01m2psngzcwzpmf6vf3g7g98yb	3518560	3405783	69	53407744	53669888	3	50000/100000	201326592
1789619003697	env_01m2psjkpnjdce1tnxvvbqms1v	46680970	47868635	901	170246144	170496000	3	50000/100000	201326592
1789619003708	env_01m2psngzcwzpmf6vf3g7g98yb	3794459	3652570	74	60014592	60014592	3	50000/100000	201326592
1789619004223	env_01m2psngzcwzpmf6vf3g7g98yb	4048612	3894733	79	65462272	65462272	3	50000/100000	201326592
1789619004739	env_01m2psngzcwzpmf6vf3g7g98yb	4298531	4145329	84	70443008	70443008	3	50000/100000	201326592
1789619005266	env_01m2psngzcwzpmf6vf3g7g98yb	4552522	4444700	90	74637312	74637312	3	50000/100000	201326592
1789619005781	env_01m2psngzcwzpmf6vf3g7g98yb	4820776	4689602	95	79093760	79093760	3	50000/100000	201326592
1789619006299	env_01m2psngzcwzpmf6vf3g7g98yb	5085802	4938915	100	81977344	81977344	3	50000/100000	201326592
1789619006813	env_01m2psngzcwzpmf6vf3g7g98yb	5348997	5182243	105	89579520	89579520	3	50000/100000	201326592
1789619007334	env_01m2psngzcwzpmf6vf3g7g98yb	5597695	5435360	110	94035968	94035968	3	50000/100000	201326592
1789619007867	env_01m2psngzcwzpmf6vf3g7g98yb	5855507	5729694	116	102424576	102424576	3	50000/100000	201326592
1789619008381	env_01m2psngzcwzpmf6vf3g7g98yb	6117861	5978893	121	109764608	110026752	3	50000/100000	201326592
1789619008894	env_01m2psngzcwzpmf6vf3g7g98yb	6380872	6226257	126	116580352	116580352	3	50000/100000	201326592
1789619009407	env_01m2psngzcwzpmf6vf3g7g98yb	6646997	6470710	131	122347520	122347520	3	50000/100000	201326592
1789619009922	env_01m2psngzcwzpmf6vf3g7g98yb	6898300	6717824	136	127590400	127590400	3	50000/100000	201326592
1789619010440	env_01m2psngzcwzpmf6vf3g7g98yb	7147922	6967696	141	132308992	132308992	3	50000/100000	201326592
1789619010956	env_01m2psngzcwzpmf6vf3g7g98yb	7398827	7261910	147	135454720	135454720	3	50000/100000	201326592
1789619011470	env_01m2psngzcwzpmf6vf3g7g98yb	7657570	7513330	152	135454720	135454720	3	50000/100000	201326592
1789619011983	env_01m2psngzcwzpmf6vf3g7g98yb	7919758	7761864	157	135716864	135716864	3	50000/100000	201326592
1789619012497	env_01m2psp0n47n93hb0s5s6dz6e4	131645	0	0	24895488	24915968	3	100000/100000	335544320
1789619013350	env_01m2psp0n47n93hb0s5s6dz6e4	977842	2514	1	30924800	30924800	3	100000/100000	335544320
1789619013867	env_01m2psp0n47n93hb0s5s6dz6e4	1494381	2514	1	32235520	32235520	3	100000/100000	335544320
1789619014399	env_01m2psp0n47n93hb0s5s6dz6e4	2021769	2514	1	35905536	35905536	3	100000/100000	335544320
1789619014913	env_01m2psp0n47n93hb0s5s6dz6e4	2533644	2514	1	39837696	39837696	3	100000/100000	335544320
1789619015425	env_01m2psp0n47n93hb0s5s6dz6e4	3047016	5642	5	43245568	43245568	3	100000/100000	335544320
1789619015940	env_01m2psp0n47n93hb0s5s6dz6e4	3558141	5642	5	43507712	43507712	3	100000/100000	335544320
1789619016457	env_01m2psp0n47n93hb0s5s6dz6e4	4073441	5642	5	43507712	43507712	3	100000/100000	335544320
1789619016971	env_01m2psp0n47n93hb0s5s6dz6e4	4584981	5642	5	43507712	43507712	3	100000/100000	335544320
1789619017485	env_01m2psp0n47n93hb0s5s6dz6e4	5062589	5642	5	6242304	45867008	0	100000/100000	335544320
1789619017998	env_01m2psp5t0m9qrmb95e9fycysv	358874	0	0	29356032	29356032	3	100000/100000	335544320
1789619018837	env_01m2psp5t0m9qrmb95e9fycysv	1194711	0	0	31977472	31977472	3	100000/100000	335544320
1789619019350	env_01m2psp5t0m9qrmb95e9fycysv	1704241	0	0	35385344	35385344	3	100000/100000	335544320
1789619019862	env_01m2psp5t0m9qrmb95e9fycysv	2214087	0	0	39579648	39579648	3	100000/100000	335544320
1789619020375	env_01m2psp5t0m9qrmb95e9fycysv	2727013	4854	2	42987520	42987520	3	100000/100000	335544320
1789619020888	env_01m2psp5t0m9qrmb95e9fycysv	3234884	4854	2	42987520	42987520	3	100000/100000	335544320
1789619021400	env_01m2psp5t0m9qrmb95e9fycysv	3744300	4854	2	42987520	42987520	3	100000/100000	335544320
1789619021913	env_01m2psp5t0m9qrmb95e9fycysv	4254972	4854	2	42987520	42987520	3	100000/100000	335544320
1789619022927	env_01m2pspagv3vx4dn0bwt5rczr5	461915	0	0	29614080	29638656	3	100000/100000	335544320
1789619023767	env_01m2pspagv3vx4dn0bwt5rczr5	1296925	0	0	32497664	32497664	3	100000/100000	335544320
1789619024280	env_01m2pspagv3vx4dn0bwt5rczr5	1807667	0	0	36167680	36167680	3	100000/100000	335544320
1789619024792	env_01m2pspagv3vx4dn0bwt5rczr5	2318637	449	1	39575552	39575552	3	100000/100000	335544320
1789619025305	env_01m2pspagv3vx4dn0bwt5rczr5	2822431	4240	5	42721280	42721280	3	100000/100000	335544320
1789619025819	env_01m2pspagv3vx4dn0bwt5rczr5	3334376	4240	5	42983424	42983424	3	100000/100000	335544320
1789619026332	env_01m2pspagv3vx4dn0bwt5rczr5	3844868	4240	5	42983424	42983424	3	100000/100000	335544320
1789619026845	env_01m2pspagv3vx4dn0bwt5rczr5	4355420	4240	5	42983424	42983424	3	100000/100000	335544320
