2026-09-18T03:06:37Z	{ 8.36 35.24 55.40 }
2026-09-18T03:06:42Z	{ 8.49 34.82 55.14 }
2026-09-18T03:06:47Z	{ 8.53 34.39 54.87 }
2026-09-18T03:06:52Z	{ 8.09 33.87 54.56 }
2026-09-18T03:06:57Z	{ 7.76 33.38 54.27 }
2026-09-18T03:07:03Z	{ 7.54 32.91 53.98 }
2026-09-18T03:07:08Z	{ 7.26 32.43 53.68 }
2026-09-18T03:07:13Z	{ 6.83 31.92 53.38 }
2026-09-18T03:07:18Z	{ 6.69 31.47 53.10 }
2026-09-18T03:07:23Z	{ 6.42 30.60 52.53 }
2026-09-18T03:07:28Z	{ 5.99 30.11 52.23 }
2026-09-18T03:07:33Z	{ 5.75 29.66 51.94 }
2026-09-18T03:07:38Z	{ 5.53 29.22 51.66 }
2026-09-18T03:07:43Z	{ 5.65 28.85 51.39 }
2026-09-18T03:07:48Z	{ 5.67 28.47 51.13 }
2026-09-18T03:07:53Z	{ 5.78 28.11 50.87 }
2026-09-18T03:07:58Z	{ 6.68 27.93 50.67 }
2026-09-18T03:08:03Z	{ 6.30 27.50 50.39 }
2026-09-18T03:08:08Z	{ 6.12 27.11 50.11 }
2026-09-18T03:08:13Z	{ 6.43 26.82 49.88 }
2026-09-18T03:08:18Z	{ 7.68 26.74 49.71 }
2026-09-18T03:08:23Z	{ 8.26 26.55 49.51 }
2026-09-18T03:08:28Z	{ 9.60 26.52 49.37 }
2026-09-18T03:08:33Z	{ 9.79 26.28 49.15 }
2026-09-18T03:08:38Z	{ 12.21 26.51 49.09 }
2026-09-18T03:08:43Z	{ 12.44 26.31 48.89 }
2026-09-18T03:08:48Z	{ 17.12 27.06 49.02 }
2026-09-18T03:08:53Z	{ 20.08 27.50 49.05 }
2026-09-18T03:08:58Z	{ 21.11 27.59 48.96 }
2026-09-18T03:09:03Z	{ 22.70 27.82 48.91 }
2026-09-18T03:09:08Z	{ 26.49 28.52 49.03 }
2026-09-18T03:09:13Z	{ 27.65 28.72 48.99 }
2026-09-18T03:09:18Z	{ 34.17 30.06 49.34 }
2026-09-18T03:09:23Z	{ 42.80 31.92 49.88 }
2026-09-18T03:09:28Z	{ 43.30 32.20 49.88 }
2026-09-18T03:09:34Z	{ 44.88 32.71 49.95 }
2026-09-18T03:09:39Z	{ 47.21 33.39 50.09 }
2026-09-18T03:09:44Z	{ 47.19 33.62 50.07 }
2026-09-18T03:09:49Z	{ 49.34 34.29 50.21 }
2026-09-18T03:09:54Z	{ 51.39 34.97 50.36 }
2026-09-18T03:09:59Z	{ 57.29 36.46 50.80 }
2026-09-18T03:10:04Z	{ 58.78 37.12 50.94 }
2026-09-18T03:10:09Z	{ 58.00 37.31 50.93 }
2026-09-18T03:10:14Z	{ 55.60 37.16 50.80 }
2026-09-18T03:10:19Z	{ 53.87 37.11 50.70 }
2026-09-18T03:10:24Z	{ 54.84 37.59 50.79 }
2026-09-18T03:10:29Z	{ 51.57 37.19 50.57 }
2026-09-18T03:10:34Z	{ 49.52 37.01 50.43 }
2026-09-18T03:10:39Z	{ 45.71 36.43 50.14 }
2026-09-18T03:10:44Z	{ 42.21 35.85 49.86 }
2026-09-18T03:10:49Z	{ 38.99 35.29 49.58 }
2026-09-18T03:10:54Z	{ 36.27 34.79 49.32 }
2026-09-18T03:10:59Z	{ 33.61 34.26 49.05 }
2026-09-18T03:11:04Z	{ 31.24 33.76 48.78 }
2026-09-18T03:11:09Z	{ 29.05 33.27 48.52 }
2026-09-18T03:11:14Z	{ 27.45 32.86 48.29 }
2026-09-18T03:11:19Z	{ 25.49 32.37 48.02 }
2026-09-18T03:11:24Z	{ 23.69 31.88 47.76 }
2026-09-18T03:11:29Z	{ 21.87 31.37 47.49 }
2026-09-18T03:11:34Z	{ 20.36 30.89 47.22 }
2026-09-18T03:11:39Z	{ 19.05 30.45 46.97 }
2026-09-18T03:11:44Z	{ 17.76 29.99 46.71 }
2026-09-18T03:11:49Z	{ 17.38 29.71 46.52 }
2026-09-18T03:11:54Z	{ 16.47 29.31 46.28 }
2026-09-18T03:11:59Z	{ 16.03 29.01 46.07 }
2026-09-18T03:12:04Z	{ 15.39 28.66 45.85 }
2026-09-18T03:12:09Z	{ 14.40 28.24 45.60 }
2026-09-18T03:12:15Z	{ 13.48 27.82 45.35 }
2026-09-18T03:12:20Z	{ 12.88 27.45 45.12 }
2026-09-18T03:12:25Z	{ 12.25 27.08 44.88 }
2026-09-18T03:12:30Z	{ 11.67 26.71 44.65 }
2026-09-18T03:12:35Z	{ 11.06 26.34 44.41 }
2026-09-18T03:12:40Z	{ 10.73 26.02 44.19 }
2026-09-18T03:12:45Z	{ 10.83 25.78 44.00 }
2026-09-18T03:12:50Z	{ 10.77 25.52 43.80 }
2026-09-18T03:12:55Z	{ 10.46 25.21 43.58 }
2026-09-18T03:13:00Z	{ 10.59 24.99 43.40 }
2026-09-18T03:13:05Z	{ 9.98 24.63 43.16 }
2026-09-18T03:13:10Z	{ 10.30 24.45 42.99 }
2026-09-18T03:13:15Z	{ 9.72 24.09 42.76 }
2026-09-18T03:13:20Z	{ 10.14 23.94 42.59 }
2026-09-18T03:13:25Z	{ 10.29 23.74 42.41 }
2026-09-18T03:13:30Z	{ 10.50 23.57 42.24 }
2026-09-18T03:13:35Z	{ 11.02 23.46 42.09 }
2026-09-18T03:13:40Z	{ 11.34 23.32 41.93 }
2026-09-18T03:13:45Z	{ 10.83 23.01 41.72 }
2026-09-18T03:13:50Z	{ 10.29 22.70 41.50 }
2026-09-18T03:13:55Z	{ 9.78 22.38 41.28 }
2026-09-18T03:14:00Z	{ 9.16 22.05 41.05 }
2026-09-18T03:14:05Z	{ 9.23 21.85 40.86 }
2026-09-18T03:14:10Z	{ 8.73 21.53 40.64 }
2026-09-18T03:14:15Z	{ 8.19 21.21 40.42 }
2026-09-18T03:14:20Z	{ 8.17 20.99 40.23 }
2026-09-18T03:14:25Z	{ 8.08 20.76 40.03 }
2026-09-18T03:14:30Z	{ 7.51 20.43 39.80 }
2026-09-18T03:14:36Z	{ 7.55 20.22 39.62 }
2026-09-18T03:14:41Z	{ 7.11 19.92 39.39 }
2026-09-18T03:14:46Z	{ 6.94 19.67 39.19 }
2026-09-18T03:14:51Z	{ 6.54 19.38 38.97 }
2026-09-18T03:14:56Z	{ 6.58 19.17 38.79 }
2026-09-18T03:15:01Z	{ 7.25 19.10 38.65 }
2026-09-18T03:15:06Z	{ 8.35 19.13 38.54 }
2026-09-18T03:15:11Z	{ 9.13 19.11 38.42 }
2026-09-18T03:15:16Z	{ 9.36 19.00 38.27 }
2026-09-18T03:15:21Z	{ 9.49 18.86 38.11 }
2026-09-18T03:15:26Z	{ 9.61 18.73 37.95 }
2026-09-18T03:15:31Z	{ 9.96 18.65 37.81 }
2026-09-18T03:15:36Z	{ 10.28 18.58 37.67 }
2026-09-18T03:15:41Z	{ 9.62 18.30 37.46 }
2026-09-18T03:15:46Z	{ 9.33 18.10 37.27 }
2026-09-18T03:15:51Z	{ 8.74 17.83 37.07 }
2026-09-18T03:15:56Z	{ 8.92 17.71 36.91 }
2026-09-18T03:16:01Z	{ 8.37 17.45 36.71 }
2026-09-18T03:16:06Z	{ 8.26 17.28 36.54 }
2026-09-18T03:16:11Z	{ 8.32 17.14 36.37 }
2026-09-18T03:16:16Z	{ 8.29 16.99 36.21 }
2026-09-18T03:16:21Z	{ 7.87 16.76 36.01 }
2026-09-18T03:16:26Z	{ 7.24 16.48 35.80 }
2026-09-18T03:16:31Z	{ 6.98 16.27 35.61 }
2026-09-18T03:16:36Z	{ 6.66 16.05 35.42 }
2026-09-18T03:16:41Z	{ 6.77 15.92 35.26 }
2026-09-18T03:16:46Z	{ 6.54 15.72 35.08 }
2026-09-18T03:16:51Z	{ 6.66 15.59 34.92 }
2026-09-18T03:16:56Z	{ 6.37 15.38 34.73 }
2026-09-18T03:17:01Z	{ 7.70 15.51 34.66 }
2026-09-18T03:17:06Z	{ 7.96 15.43 34.52 }
2026-09-18T03:17:11Z	{ 8.13 15.34 34.38 }
2026-09-18T03:17:16Z	{ 8.60 15.32 34.26 }
2026-09-18T03:17:22Z	{ 8.55 15.20 34.11 }
2026-09-18T03:17:27Z	{ 8.02 14.98 33.92 }
2026-09-18T03:17:32Z	{ 8.82 15.03 33.82 }
2026-09-18T03:17:37Z	{ 8.52 14.86 33.66 }
2026-09-18T03:17:42Z	{ 7.91 14.63 33.46 }
2026-09-18T03:17:47Z	{ 9.44 14.84 33.43 }
2026-09-18T03:17:52Z	{ 9.41 14.74 33.28 }
2026-09-18T03:17:57Z	{ 10.18 14.81 33.20 }
2026-09-18T03:18:02Z	{ 9.68 14.63 33.03 }
2026-09-18T03:18:07Z	{ 9.55 14.52 32.88 }
2026-09-18T03:18:12Z	{ 9.10 14.35 32.71 }
2026-09-18T03:18:17Z	{ 9.33 14.31 32.59 }
2026-09-18T03:18:22Z	{ 8.91 14.13 32.42 }
2026-09-18T03:18:27Z	{ 9.15 14.10 32.30 }
2026-09-18T03:18:32Z	{ 8.82 13.95 32.14 }
2026-09-18T03:18:37Z	{ 8.43 13.78 31.98 }
2026-09-18T03:18:42Z	{ 8.16 13.64 31.82 }
2026-09-18T03:18:47Z	{ 7.83 13.48 31.65 }
2026-09-18T03:18:52Z	{ 8.24 13.47 31.55 }
2026-09-18T03:18:57Z	{ 8.62 13.46 31.44 }
2026-09-18T03:19:02Z	{ 8.09 13.27 31.26 }
2026-09-18T03:19:07Z	{ 8.32 13.23 31.14 }
2026-09-18T03:19:12Z	{ 8.46 13.18 31.02 }
2026-09-18T03:19:17Z	{ 7.86 12.98 30.84 }
2026-09-18T03:19:22Z	{ 8.27 12.98 30.74 }
2026-09-18T03:19:27Z	{ 8.09 12.86 30.59 }
2026-09-18T03:19:32Z	{ 7.92 12.74 30.45 }
2026-09-18T03:19:38Z	{ 7.93 12.67 30.32 }
2026-09-18T03:19:43Z	{ 8.57 12.72 30.23 }
2026-09-18T03:19:48Z	{ 8.05 12.54 30.07 }
2026-09-18T03:19:53Z	{ 7.56 12.37 29.90 }
2026-09-18T03:19:58Z	{ 7.12 12.19 29.74 }
2026-09-18T03:20:03Z	{ 6.79 12.04 29.58 }
2026-09-18T03:20:08Z	{ 6.32 11.86 29.42 }
2026-09-18T03:20:13Z	{ 5.82 11.66 29.24 }
2026-09-18T03:20:18Z	{ 6.23 11.65 29.14 }
2026-09-18T03:20:23Z	{ 5.81 11.47 28.97 }
2026-09-18T03:20:28Z	{ 6.23 11.46 28.87 }
2026-09-18T03:20:33Z	{ 6.53 11.44 28.75 }
2026-09-18T03:20:38Z	{ 6.25 11.30 28.60 }
2026-09-18T03:20:43Z	{ 5.91 11.15 28.45 }
2026-09-18T03:20:48Z	{ 5.51 10.98 28.29 }
2026-09-18T03:20:53Z	{ 5.07 10.79 28.12 }
2026-09-18T03:20:58Z	{ 5.15 10.71 27.99 }
2026-09-18T03:21:03Z	{ 4.97 10.59 27.84 }
2026-09-18T03:21:08Z	{ 4.66 10.43 27.69 }
2026-09-18T03:21:13Z	{ 4.76 10.35 27.56 }
2026-09-18T03:21:18Z	{ 4.46 10.20 27.40 }
2026-09-18T03:21:23Z	{ 5.14 10.24 27.32 }
2026-09-18T03:21:28Z	{ 4.97 10.12 27.18 }
2026-09-18T03:21:33Z	{ 5.05 10.05 27.05 }
2026-09-18T03:21:38Z	{ 5.69 10.10 26.97 }
2026-09-18T03:21:43Z	{ 5.48 9.98 26.83 }
2026-09-18T03:21:48Z	{ 5.04 9.82 26.67 }
2026-09-18T03:21:53Z	{ 5.27 9.79 26.56 }
2026-09-18T03:21:58Z	{ 5.89 9.84 26.48 }
2026-09-18T03:22:03Z	{ 6.14 9.83 26.38 }
2026-09-18T03:22:08Z	{ 5.89 9.71 26.24 }
2026-09-18T03:22:13Z	{ 6.62 9.80 26.18 }
2026-09-18T03:22:18Z	{ 6.25 9.67 26.03 }
2026-09-18T03:22:23Z	{ 6.07 9.58 25.90 }
2026-09-18T03:22:29Z	{ 11.67 10.66 26.10 }
2026-09-18T03:22:34Z	{ 11.13 10.57 25.97 }
2026-09-18T03:22:39Z	{ 10.32 10.41 25.83 }
2026-09-18T03:22:44Z	{ 9.65 10.27 25.69 }
2026-09-18T03:22:49Z	{ 9.52 10.23 25.58 }
2026-09-18T03:22:54Z	{ 9.96 10.31 25.52 }
2026-09-18T03:22:59Z	{ 9.32 10.17 25.38 }
2026-09-18T03:23:04Z	{ 9.38 10.17 25.29 }
2026-09-18T03:23:09Z	{ 8.78 10.03 25.16 }
2026-09-18T03:23:14Z	{ 8.24 9.90 25.02 }
2026-09-18T03:23:19Z	{ 7.90 9.80 24.90 }
2026-09-18T03:23:24Z	{ 8.23 9.84 24.82 }
2026-09-18T03:23:29Z	{ 8.45 9.85 24.74 }
2026-09-18T03:23:34Z	{ 8.33 9.81 24.64 }
2026-09-18T03:23:39Z	{ 8.07 9.73 24.52 }
2026-09-18T03:23:44Z	{ 7.98 9.68 24.42 }
2026-09-18T03:23:49Z	{ 8.06 9.67 24.33 }
2026-09-18T03:23:54Z	{ 8.14 9.66 24.24 }
2026-09-18T03:23:59Z	{ 7.81 9.56 24.12 }
2026-09-18T03:24:04Z	{ 7.50 9.47 24.00 }
2026-09-18T03:24:09Z	{ 7.14 9.36 23.88 }
2026-09-18T03:24:14Z	{ 6.73 9.24 23.75 }
2026-09-18T03:24:19Z	{ 6.67 9.19 23.64 }
2026-09-18T03:24:24Z	{ 6.62 9.13 23.54 }
2026-09-18T03:24:29Z	{ 6.41 9.05 23.43 }
2026-09-18T03:24:34Z	{ 5.97 8.91 23.29 }
2026-09-18T03:24:39Z	{ 5.73 8.82 23.18 }
2026-09-18T03:24:44Z	{ 5.68 8.75 23.07 }
2026-09-18T03:24:49Z	{ 5.70 8.71 22.97 }
2026-09-18T03:24:54Z	{ 5.65 8.64 22.86 }
2026-09-18T03:24:59Z	{ 5.43 8.55 22.75 }
2026-09-18T03:25:04Z	{ 5.16 8.44 22.62 }
2026-09-18T03:25:10Z	{ 4.82 8.32 22.50 }
2026-09-18T03:25:15Z	{ 4.52 8.20 22.37 }
2026-09-18T03:25:20Z	{ 4.24 8.08 22.25 }
2026-09-18T03:25:25Z	{ 3.98 7.96 22.12 }
2026-09-18T03:25:30Z	{ 3.90 7.88 22.01 }
2026-09-18T03:25:35Z	{ 3.67 7.76 21.89 }
2026-09-18T03:25:40Z	{ 3.53 7.67 21.77 }
2026-09-18T03:25:45Z	{ 3.57 7.61 21.66 }
2026-09-18T03:25:50Z	{ 3.60 7.55 21.56 }
2026-09-18T03:25:55Z	{ 6.36 8.05 21.66 }
2026-09-18T03:26:00Z	{ 10.97 8.98 21.91 }
2026-09-18T03:26:05Z	{ 11.70 9.16 21.89 }
2026-09-18T03:26:10Z	{ 11.88 9.24 21.85 }
2026-09-18T03:26:15Z	{ 12.29 9.37 21.82 }
2026-09-18T03:26:20Z	{ 13.47 9.66 21.85 }
2026-09-18T03:26:25Z	{ 13.75 9.78 21.82 }
2026-09-18T03:26:30Z	{ 13.85 9.87 21.78 }
2026-09-18T03:26:35Z	{ 14.82 10.14 21.80 }
2026-09-18T03:26:40Z	{ 14.60 10.17 21.75 }
2026-09-18T03:26:45Z	{ 14.07 10.13 21.67 }
2026-09-18T03:26:50Z	{ 13.74 10.13 21.60 }
2026-09-18T03:26:55Z	{ 12.88 10.01 21.49 }
2026-09-18T03:27:00Z	{ 12.09 9.90 21.38 }
2026-09-18T03:27:05Z	{ 11.44 9.80 21.28 }
2026-09-18T03:27:10Z	{ 10.77 9.68 21.17 }
2026-09-18T03:27:15Z	{ 9.98 9.54 21.05 }
2026-09-18T03:27:20Z	{ 9.42 9.43 20.95 }
2026-09-18T03:27:25Z	{ 8.99 9.34 20.85 }
2026-09-18T03:27:30Z	{ 8.51 9.23 20.74 }
2026-09-18T03:27:35Z	{ 8.07 9.13 20.64 }
2026-09-18T03:27:40Z	{ 7.74 9.05 20.54 }
2026-09-18T03:27:45Z	{ 7.28 8.93 20.43 }
2026-09-18T03:27:50Z	{ 7.10 8.86 20.34 }
2026-09-18T03:27:55Z	{ 6.93 8.80 20.25 }
2026-09-18T03:28:00Z	{ 6.78 8.74 20.16 }
2026-09-18T03:28:06Z	{ 6.55 8.66 20.07 }
2026-09-18T03:28:11Z	{ 6.11 8.53 19.95 }
2026-09-18T03:28:16Z	{ 5.78 8.42 19.85 }
2026-09-18T03:28:21Z	{ 5.64 8.35 19.76 }
2026-09-18T03:28:26Z	{ 5.99 8.37 19.70 }
2026-09-18T03:28:31Z	{ 6.63 8.47 19.66 }
2026-09-18T03:28:36Z	{ 6.18 8.34 19.55 }
2026-09-18T03:28:41Z	{ 5.92 8.25 19.46 }
2026-09-18T03:28:46Z	{ 5.61 8.15 19.35 }
2026-09-18T03:28:51Z	{ 5.40 8.06 19.26 }
2026-09-18T03:28:56Z	{ 5.29 8.00 19.17 }
2026-09-18T03:29:01Z	{ 5.26 7.95 19.09 }
2026-09-18T03:29:06Z	{ 5.24 7.90 19.00 }
2026-09-18T03:29:11Z	{ 5.06 7.82 18.91 }
2026-09-18T03:29:16Z	{ 4.90 7.74 18.81 }
2026-09-18T03:29:21Z	{ 4.74 7.66 18.72 }
2026-09-18T03:29:26Z	{ 4.60 7.58 18.63 }
2026-09-18T03:29:31Z	{ 4.31 7.47 18.53 }
2026-09-18T03:29:36Z	{ 4.21 7.40 18.44 }
2026-09-18T03:29:41Z	{ 4.03 7.31 18.34 }
2026-09-18T03:29:46Z	{ 4.75 7.40 18.31 }
2026-09-18T03:29:51Z	{ 8.05 8.04 18.47 }
2026-09-18T03:29:56Z	{ 9.65 8.37 18.52 }
2026-09-18T03:30:01Z	{ 9.92 8.45 18.49 }
2026-09-18T03:30:06Z	{ 9.68 8.42 18.42 }
2026-09-18T03:30:11Z	{ 11.47 8.81 18.50 }
2026-09-18T03:30:16Z	{ 11.75 8.92 18.48 }
2026-09-18T03:30:21Z	{ 12.25 9.07 18.48 }
2026-09-18T03:30:26Z	{ 12.15 9.10 18.44 }
2026-09-18T03:30:31Z	{ 11.74 9.06 18.37 }
2026-09-18T03:30:36Z	{ 11.12 8.98 18.28 }
2026-09-18T03:30:41Z	{ 10.63 8.91 18.21 }
2026-09-18T03:30:46Z	{ 10.18 8.85 18.13 }
2026-09-18T03:30:51Z	{ 9.84 8.80 18.06 }
2026-09-18T03:30:56Z	{ 9.46 8.74 17.98 }
2026-09-18T03:31:01Z	{ 8.94 8.64 17.89 }
2026-09-18T03:31:06Z	{ 8.62 8.58 17.82 }
2026-09-18T03:31:12Z	{ 8.33 8.52 17.74 }
2026-09-18T03:31:17Z	{ 8.23 8.50 17.68 }
2026-09-18T03:31:22Z	{ 7.89 8.42 17.60 }
2026-09-18T03:31:27Z	{ 7.66 8.36 17.52 }
2026-09-18T03:31:32Z	{ 7.28 8.27 17.44 }
2026-09-18T03:31:37Z	{ 7.02 8.20 17.36 }
2026-09-18T03:31:42Z	{ 6.78 8.13 17.28 }
2026-09-18T03:31:47Z	{ 6.47 8.05 17.20 }
2026-09-18T03:31:52Z	{ 6.28 7.98 17.12 }
2026-09-18T03:31:57Z	{ 7.29 8.16 17.13 }
2026-09-18T03:32:02Z	{ 8.79 8.46 17.18 }
2026-09-18T03:32:07Z	{ 11.29 8.98 17.31 }
2026-09-18T03:32:12Z	{ 14.23 9.63 17.49 }
2026-09-18T03:32:17Z	{ 15.73 10.02 17.58 }
2026-09-18T03:32:22Z	{ 18.88 10.76 17.80 }
2026-09-18T03:32:27Z	{ 21.53 11.45 18.00 }
2026-09-18T03:32:32Z	{ 21.73 11.66 18.04 }
2026-09-18T03:32:37Z	{ 24.23 12.34 18.24 }
2026-09-18T03:32:42Z	{ 23.97 12.49 18.26 }
2026-09-18T03:32:47Z	{ 28.22 13.56 18.60 }
2026-09-18T03:32:52Z	{ 31.48 14.48 18.90 }
2026-09-18T03:32:57Z	{ 32.09 14.88 19.02 }
2026-09-18T03:33:02Z	{ 33.52 15.47 19.20 }
2026-09-18T03:33:07Z	{ 31.96 15.44 19.17 }
2026-09-18T03:33:12Z	{ 33.08 15.95 19.32 }
2026-09-18T03:33:17Z	{ 30.91 15.78 19.25 }
2026-09-18T03:33:22Z	{ 28.92 15.62 19.17 }
2026-09-18T03:33:27Z	{ 26.76 15.40 19.07 }
2026-09-18T03:33:32Z	{ 24.70 15.16 18.96 }
2026-09-18T03:33:37Z	{ 22.80 14.92 18.85 }
2026-09-18T03:33:42Z	{ 21.05 14.69 18.75 }
2026-09-18T03:33:47Z	{ 19.45 14.46 18.65 }
2026-09-18T03:33:52Z	{ 17.97 14.24 18.54 }
2026-09-18T03:33:57Z	{ 16.69 14.03 18.45 }
2026-09-18T03:34:03Z	{ 15.67 13.87 18.36 }
2026-09-18T03:34:08Z	{ 14.90 13.74 18.29 }
2026-09-18T03:34:13Z	{ 13.95 13.56 18.20 }
2026-09-18T03:34:18Z	{ 12.91 13.35 18.10 }
2026-09-18T03:34:23Z	{ 12.04 13.16 18.00 }
2026-09-18T03:34:28Z	{ 11.47 13.02 17.93 }
2026-09-18T03:34:33Z	{ 10.87 12.88 17.84 }
2026-09-18T03:34:38Z	{ 10.40 12.74 17.77 }
2026-09-18T03:34:43Z	{ 9.97 12.62 17.69 }
2026-09-18T03:34:48Z	{ 9.49 12.47 17.61 }
2026-09-18T03:34:53Z	{ 9.05 12.33 17.53 }
2026-09-18T03:34:58Z	{ 9.05 12.28 17.48 }
2026-09-18T03:35:03Z	{ 8.64 12.14 17.40 }
2026-09-18T03:35:08Z	{ 8.27 12.00 17.32 }
2026-09-18T03:35:13Z	{ 7.77 11.84 17.23 }
2026-09-18T03:35:18Z	{ 7.47 11.71 17.16 }
2026-09-18T03:35:23Z	{ 7.11 11.56 17.07 }
2026-09-18T03:35:28Z	{ 6.94 11.45 17.00 }
2026-09-18T03:35:33Z	{ 6.70 11.33 16.93 }
2026-09-18T03:35:38Z	{ 7.21 11.35 16.90 }
2026-09-18T03:35:43Z	{ 7.03 11.25 16.83 }
2026-09-18T03:35:48Z	{ 7.51 11.28 16.81 }
2026-09-18T03:35:53Z	{ 7.15 11.14 16.73 }
2026-09-18T03:35:58Z	{ 7.38 11.12 16.69 }
2026-09-18T03:36:03Z	{ 7.50 11.09 16.64 }
2026-09-18T03:36:08Z	{ 7.70 11.07 16.60 }
2026-09-18T03:36:13Z	{ 8.05 11.08 16.58 }
2026-09-18T03:36:18Z	{ 7.96 11.01 16.52 }
2026-09-18T03:36:23Z	{ 8.37 11.05 16.50 }
2026-09-18T03:36:28Z	{ 8.42 11.01 16.46 }
2026-09-18T03:36:33Z	{ 8.38 10.96 16.41 }
2026-09-18T03:36:38Z	{ 8.19 10.88 16.35 }
2026-09-18T03:36:43Z	{ 8.42 10.88 16.31 }
2026-09-18T03:36:48Z	{ 8.62 10.88 16.28 }
2026-09-18T03:36:53Z	{ 8.33 10.79 16.22 }
2026-09-18T03:36:58Z	{ 9.03 10.89 16.22 }
2026-09-18T03:37:03Z	{ 9.02 10.86 16.18 }
2026-09-18T03:37:08Z	{ 8.38 10.69 16.09 }
2026-09-18T03:37:13Z	{ 8.43 10.67 16.05 }
2026-09-18T03:37:18Z	{ 7.76 10.49 15.95 }
2026-09-18T03:37:23Z	{ 7.29 10.35 15.87 }
2026-09-18T03:37:28Z	{ 6.95 10.22 15.79 }
2026-09-18T03:37:33Z	{ 6.47 10.07 15.71 }
2026-09-18T03:37:38Z	{ 6.68 10.05 15.67 }
2026-09-18T03:37:43Z	{ 6.86 10.04 15.63 }
2026-09-18T03:37:48Z	{ 6.55 9.92 15.55 }
2026-09-18T03:37:53Z	{ 6.91 9.94 15.53 }
2026-09-18T03:37:58Z	{ 7.00 9.90 15.48 }
2026-09-18T03:38:03Z	{ 6.68 9.79 15.41 }
2026-09-18T03:38:08Z	{ 7.42 9.89 15.41 }
2026-09-18T03:38:13Z	{ 7.07 9.78 15.34 }
2026-09-18T03:38:19Z	{ 6.50 9.61 15.25 }
2026-09-18T03:38:24Z	{ 6.86 9.64 15.23 }
2026-09-18T03:38:29Z	{ 6.47 9.51 15.15 }
2026-09-18T03:38:34Z	{ 6.11 9.39 15.07 }
2026-09-18T03:38:39Z	{ 5.86 9.28 15.00 }
2026-09-18T03:38:44Z	{ 5.87 9.22 14.95 }
2026-09-18T03:38:49Z	{ 5.48 9.09 14.86 }
2026-09-18T03:38:54Z	{ 5.20 8.97 14.79 }
2026-09-18T03:38:59Z	{ 4.87 8.84 14.71 }
2026-09-18T03:39:04Z	{ 5.04 8.81 14.66 }
2026-09-18T03:39:09Z	{ 6.16 8.98 14.69 }
2026-09-18T03:39:14Z	{ 7.10 9.13 14.71 }
2026-09-18T03:39:19Z	{ 7.26 9.12 14.67 }
2026-09-18T03:39:24Z	{ 6.99 9.04 14.61 }
2026-09-18T03:39:29Z	{ 6.91 8.99 14.56 }
2026-09-18T03:39:34Z	{ 6.76 8.92 14.50 }
2026-09-18T03:39:39Z	{ 6.62 8.85 14.45 }
2026-09-18T03:39:44Z	{ 6.41 8.77 14.39 }
2026-09-18T03:39:49Z	{ 6.06 8.66 14.31 }
2026-09-18T03:39:54Z	{ 5.81 8.57 14.25 }
2026-09-18T03:39:59Z	{ 5.51 8.46 14.17 }
2026-09-18T03:40:04Z	{ 5.31 8.37 14.11 }
2026-09-18T03:40:09Z	{ 6.32 8.53 14.13 }
2026-09-18T03:40:14Z	{ 6.38 8.50 14.09 }
2026-09-18T03:40:19Z	{ 6.43 8.48 14.05 }
2026-09-18T03:40:24Z	{ 7.11 8.58 14.05 }
2026-09-18T03:40:29Z	{ 7.50 8.64 14.04 }
2026-09-18T03:40:34Z	{ 7.46 8.61 14.00 }
2026-09-18T03:40:39Z	{ 7.83 8.67 13.99 }
2026-09-18T03:40:44Z	{ 7.36 8.56 13.92 }
2026-09-18T03:40:49Z	{ 7.81 8.63 13.91 }
2026-09-18T03:40:54Z	{ 7.83 8.62 13.88 }
2026-09-18T03:40:59Z	{ 8.40 8.73 13.88 }
2026-09-18T03:41:04Z	{ 8.69 8.78 13.87 }
2026-09-18T03:41:09Z	{ 9.19 8.88 13.88 }
2026-09-18T03:41:14Z	{ 9.74 9.00 13.89 }
2026-09-18T03:41:19Z	{ 10.24 9.12 13.90 }
2026-09-18T03:41:24Z	{ 9.66 9.02 13.84 }
2026-09-18T03:41:29Z	{ 9.05 8.90 13.77 }
2026-09-18T03:41:34Z	{ 8.64 8.82 13.71 }
2026-09-18T03:41:39Z	{ 8.03 8.69 13.64 }
2026-09-18T03:41:45Z	{ 7.47 8.56 13.56 }
2026-09-18T03:41:50Z	{ 7.03 8.45 13.49 }
2026-09-18T03:41:55Z	{ 7.13 8.42 13.42 }
2026-09-18T03:42:00Z	{ 7.20 8.41 13.39 }
2026-09-18T03:42:05Z	{ 7.10 8.37 13.35 }
2026-09-18T03:42:10Z	{ 7.09 8.35 13.31 }
2026-09-18T03:42:15Z	{ 6.85 8.28 13.26 }
2026-09-18T03:42:20Z	{ 6.70 8.22 13.21 }
2026-09-18T03:42:25Z	{ 6.48 8.15 13.15 }
2026-09-18T03:42:30Z	{ 6.28 8.08 13.10 }
2026-09-18T03:42:35Z	{ 7.30 8.26 13.13 }
2026-09-18T03:42:40Z	{ 8.00 8.39 13.15 }
2026-09-18T03:42:45Z	{ 7.68 8.32 13.10 }
2026-09-18T03:42:50Z	{ 7.46 8.26 13.05 }
2026-09-18T03:42:55Z	{ 6.94 8.14 12.98 }
2026-09-18T03:43:00Z	{ 6.71 8.07 12.92 }
2026-09-18T03:43:05Z	{ 7.69 8.25 12.96 }
2026-09-18T03:43:10Z	{ 9.00 8.52 13.02 }
2026-09-18T03:43:15Z	{ 8.76 8.47 12.98 }
2026-09-18T03:43:20Z	{ 8.70 8.47 12.95 }
2026-09-18T03:43:25Z	{ 8.40 8.41 12.91 }
2026-09-18T03:43:30Z	{ 8.37 8.40 12.88 }
2026-09-18T03:43:35Z	{ 7.94 8.31 12.82 }
2026-09-18T03:43:40Z	{ 7.86 8.29 12.79 }
2026-09-18T03:43:45Z	{ 8.19 8.35 12.78 }
2026-09-18T03:43:50Z	{ 8.26 8.36 12.76 }
2026-09-18T03:43:55Z	{ 7.84 8.27 12.70 }
2026-09-18T03:44:00Z	{ 8.33 8.37 12.71 }
2026-09-18T03:44:05Z	{ 8.06 8.31 12.66 }
2026-09-18T03:44:10Z	{ 8.62 8.42 12.68 }
2026-09-18T03:44:15Z	{ 8.81 8.46 12.67 }
2026-09-18T03:44:20Z	{ 9.14 8.54 12.67 }
2026-09-18T03:44:25Z	{ 10.09 8.75 12.72 }
2026-09-18T03:44:30Z	{ 9.77 8.70 12.68 }
2026-09-18T03:44:35Z	{ 9.30 8.62 12.63 }
2026-09-18T03:44:40Z	{ 8.80 8.53 12.57 }
2026-09-18T03:44:45Z	{ 8.33 8.44 12.51 }
2026-09-18T03:44:50Z	{ 8.15 8.40 12.47 }
2026-09-18T03:44:55Z	{ 8.86 8.54 12.50 }
2026-09-18T03:45:00Z	{ 8.71 8.51 12.47 }
2026-09-18T03:45:05Z	{ 8.33 8.44 12.42 }
2026-09-18T03:45:11Z	{ 8.06 8.38 12.37 }
2026-09-18T03:45:16Z	{ 7.98 8.36 12.34 }
2026-09-18T03:45:21Z	{ 8.94 8.55 12.39 }
2026-09-18T03:45:26Z	{ 8.70 8.51 12.35 }
2026-09-18T03:45:31Z	{ 8.65 8.50 12.32 }
2026-09-18T03:45:36Z	{ 8.11 8.39 12.26 }
2026-09-18T03:45:41Z	{ 7.62 8.28 12.20 }
2026-09-18T03:45:46Z	{ 8.78 8.51 12.26 }
2026-09-18T03:45:51Z	{ 9.19 8.60 12.27 }
2026-09-18T03:45:56Z	{ 8.86 8.54 12.23 }
2026-09-18T03:46:01Z	{ 9.27 8.63 12.24 }
2026-09-18T03:46:06Z	{ 9.17 8.62 12.21 }
2026-09-18T03:46:11Z	{ 8.83 8.56 12.17 }
2026-09-18T03:46:16Z	{ 8.21 8.44 12.10 }
2026-09-18T03:46:21Z	{ 8.59 8.51 12.11 }
2026-09-18T03:46:26Z	{ 8.14 8.42 12.05 }
2026-09-18T03:46:31Z	{ 8.53 8.50 12.06 }
2026-09-18T03:46:36Z	{ 8.01 8.39 12.00 }
2026-09-18T03:46:41Z	{ 7.69 8.31 11.95 }
2026-09-18T03:46:46Z	{ 7.39 8.24 11.91 }
2026-09-18T03:46:51Z	{ 7.44 8.24 11.88 }
2026-09-18T03:46:56Z	{ 7.64 8.27 11.87 }
2026-09-18T03:47:01Z	{ 7.19 8.16 11.81 }
2026-09-18T03:47:06Z	{ 6.78 8.06 11.76 }
2026-09-18T03:47:11Z	{ 6.39 7.96 11.70 }
2026-09-18T03:47:16Z	{ 6.52 7.96 11.68 }
2026-09-18T03:47:21Z	{ 6.56 7.94 11.65 }
2026-09-18T03:47:26Z	{ 6.19 7.84 11.59 }
2026-09-18T03:47:31Z	{ 6.26 7.83 11.56 }
2026-09-18T03:47:36Z	{ 6.72 7.90 11.57 }
2026-09-18T03:47:41Z	{ 6.34 7.80 11.51 }
2026-09-18T03:47:46Z	{ 6.63 7.84 11.50 }
2026-09-18T03:47:51Z	{ 6.66 7.82 11.48 }
2026-09-18T03:47:56Z	{ 6.45 7.76 11.43 }
2026-09-18T03:48:01Z	{ 6.17 7.68 11.38 }
2026-09-18T03:48:06Z	{ 6.80 7.78 11.40 }
2026-09-18T03:48:11Z	{ 7.62 7.94 11.43 }
2026-09-18T03:48:16Z	{ 8.45 8.10 11.47 }
2026-09-18T03:48:21Z	{ 8.73 8.17 11.47 }
2026-09-18T03:48:26Z	{ 9.39 8.32 11.50 }
2026-09-18T03:48:31Z	{ 9.76 8.41 11.52 }
2026-09-18T03:48:36Z	{ 10.58 8.60 11.57 }
2026-09-18T03:48:42Z	{ 10.69 8.66 11.57 }
2026-09-18T03:48:47Z	{ 10.08 8.56 11.52 }
2026-09-18T03:48:52Z	{ 10.55 8.69 11.54 }
2026-09-18T03:48:57Z	{ 9.95 8.59 11.49 }
2026-09-18T03:49:02Z	{ 10.03 8.63 11.49 }
2026-09-18T03:49:07Z	{ 9.79 8.60 11.46 }
2026-09-18T03:49:12Z	{ 9.16 8.49 11.41 }
2026-09-18T03:49:17Z	{ 10.51 8.79 11.49 }
2026-09-18T03:49:22Z	{ 10.71 8.85 11.50 }
